product_id,old_name,new_name,collection,old_sku,old_sku_variants,old_price_pln,live_price_pln,live_regular_price_pln,new_price_pln,category,gender,shape,material,polarized,frame_colors,lens_colors,stock_status,total_sales,old_full_name,old_slug,new_url,image_url,old_description
243882,G 2622 C4,Adelfa,City,Goya G 2622 C4,,109,76.3,109.0,349,Korekcyjne,Damskie,Prostokątne,Tworzywo,nie,"Fioletowy, Różowy",,instock,4,GOYA okulary korekcyjne - G 2622 C4,goya-okulary-korekcyjne-g-2622-c4,https://goya-eight.vercel.app/okulary/goya-okulary-korekcyjne-g-2622-c4,https://okulary.pl/wp-content/uploads/2022/11/587_2.jpg,"OKULARY KOREKCYJNE GOYA G 2622 C4 Produkt nowy - posiadają oryginalne zabezpieczenia, metkę oraz instrukcję użytkowania, dodatkowo w zestawie twarde etui na zawias sprężynowy Marki GOYA oraz miękką ściereczkę czyszczącą. NASZE PRODUKTY WYSYŁAMY BARDZO DOBRZE ZABEZPIECZONE W FOLIĘ TRANSPORTOWĄ I ZAPAKOWANE W WYTRZYMAŁY KARTONIK"
245743,G 182,Aire,Coast,,GOYA G 182 ZX; Goya G 182 BR; Goya G 182 CZ,149,104.3,,449,Przeciwsłoneczne,Damskie,Muchy,Tworzywo,tak,"Brązowy, Czarny, Transparentny","Brązowy, Czarny",instock,10,GOYA okulary przeciwsłoneczne z filtrem polaryzacyjnym - G 182,goya-g-182-zx-okulary-przeciwsloneczne-z-filtrem-polaryzacyjnym,https://goya-eight.vercel.app/okulary/goya-g-182-zx-okulary-przeciwsloneczne-z-filtrem-polaryzacyjnym,https://okulary.pl/wp-content/uploads/2022/11/3150_6.jpg,"OKULARY PRZECIWSŁONECZNE DLA KIEROWCÓW GOYA Z FILTREM POLARYZACYJNYM I UV400 Oprawka wykonana w technologii - wycinania z płyty. Ręcznie obrabiana. Soczewki okularów GOYA o grubości 1,1 wyposażone są w filtr polaryzacyjny oraz filtr ochronny UV-400 (UV-A, UV-B, UV-C) OPRAWKA WYKONANA W TECHNOLOGII TR-90 Wysokiej jakości odmiana nylonu, wyjątkowo odporna na rozciąganie i wyginanie. Materiał wytrzymały na uderzenia, elastyczny, przyjemny w dotyku, o właściwościach antyalergicznych. Okulary wykonane z TR-90 są lekkie, wytrzymałe i wygodne w użytkowaniu. ZAUSZNIKI POŁĄCZONE Z OPRAWKĄ SYSTEMEM FLEX: FLEX - elastyczne połączenie zausznika z frontem oprawy. Zwiększony zakres odchylenia zausznika do ponad 110° gwarantuje wygodę noszenia i ułatwia zakładanie oraz zdejmowanie okularów. OKULARY POSIADAJĄ CERTYFIKAT CE. Produkt odpowiada Wytycznej Europejskiej 89/686/EWG zgodnie z normą PN-EN ISO 12312-1:2014-02/A1:2016-01. Każda para okularów posiada oryginalne oznaczenia znajdujące się na wewnętrznej stronie zauszników ; logo producenta, numer modelu, kat"
334136,G 55004 BR,Alba,Coast,G 55004 BR - C3,,179,125.3,179.0,499,Przeciwsłoneczne,Damskie,Aviator,Metal,tak,Brązowy,Brązowy,instock,2,GOYA okulary przeciwsłoneczne z filtrem polaryzacyjnym - G 55004 BR,goya-okulary-przeciwsloneczne-z-filtrem-polaryzacyjnym-g-55004-br,https://goya-eight.vercel.app/okulary/goya-okulary-przeciwsloneczne-z-filtrem-polaryzacyjnym-g-55004-br,https://okulary.pl/wp-content/uploads/2025/01/G_55004_BR_A.jpg,"OKULARY PRZECIWSŁONECZNE DLA KIEROWCÓW GOYA Z FILTREM POLARYZACYJNYM I UV400 Oprawki wykonane w całości z aluminium - co sprawia, że okulary są bardzo lekkie i wytrzymałe. Soczewki okularów GOYA o grubości 1,1 wyposażone są w filtr polaryzacyjny oraz filtr ochronny UV-400 (UV-A, UV-B, UV-C) ZAUSZNIKI POŁĄCZONE Z OPRAWKĄ SYSTEMEM FLEX: FLEX - elastyczne połączenie zausznika z frontem oprawy. Zwiększony zakres odchylenia zausznika do ponad 110° gwarantuje wygodę noszenia i ułatwia zakładanie oraz zdejmowanie okularów. OKULARY POSIADAJĄ CERTYFIKAT CE. Produkt odpowiada Wytycznej Europejskiej 89/686/EWG zgodnie z normą PN-EN ISO 12312-1:2014-02/A1:2016-01. Każda para okularów posiada oryginalne oznaczenia znajdujące się na wewnętrznej stronie zauszników ; logo producenta, numer modelu, kategoria filtra oraz oznaczenie CE. O POLARYZACJI: Soczewki polaryzacyjne neutralizują oślepiające refleksy, powstające wówczas gdy światło odbija się od mokrej drogi, powierzchni wody lub śniegu. Eliminacja światła odbitego zwiększ kontrast widzenia i pozwala"
243957,okulary korekcyjne G 2742 C2,Alma,City,Goya G 2742 C2,,109,76.3,109.0,349,Korekcyjne,Damskie,Prostokątne,Tworzywo,nie,Fioletowy,,instock,0,GOYA okulary korekcyjne G 2742 C2,goya-okulary-korekcyjne-g-2742-c2,https://goya-eight.vercel.app/okulary/goya-okulary-korekcyjne-g-2742-c2,https://okulary.pl/wp-content/uploads/2022/11/575_6.jpg,"OKULARY KOREKCYJNE GOYA G 2742 C2 Produkt nowy ! - posiadają oryginalne zabezpieczenia, metkę oraz instrukcję użytkowania, dodatkowo w zestawie twarde etui na zawias sprężynowy Marki GOYA oraz miękką ściereczkę czyszczącą. NASZE PRODUKTY SĄ BARDZO DOBRZE ZABEZPIECZONE W FOLIĘ TRANSPORTOWĄ I ZAPAKOWANE W WYTRZYMAŁY KARTONIK"
245464,G 205,Almendra,Coast,,Goya G 205 Z; Goya G 205 BR,149,104.3,,449,Przeciwsłoneczne,Damskie,Kocie,Tworzywo,tak,"Brązowy, Fioletowy, Zielony","Brązowy, Czarny",instock,13,GOYA okulary przeciwsłoneczne z filtrem polaryzacyjnym - G 205,goya-g-205-z-okulary-przeciwsloneczne-z-filtrem-polaryzacyjnym,https://goya-eight.vercel.app/okulary/goya-g-205-z-okulary-przeciwsloneczne-z-filtrem-polaryzacyjnym,https://okulary.pl/wp-content/uploads/2022/11/3119_1.jpg,"OKULARY PRZECIWSŁONECZNE DLA KIEROWCÓW GOYA Z FILTREM POLARYZACYJNYM I UV400 Oprawka okularów wykonana w technologii wycinania z płyty, Ręcznie obrabiane i składane. Soczewki okularów GOYA o grubości 1,1 wyposażone są w filtr polaryzacyjny oraz filtr ochronny UV-400 (UV-A, UV-B, UV-C) OKULARY POSIADAJĄ CERTYFIKAT CE. Produkt odpowiada Wytycznej Europejskiej 89/686/EWG zgodnie z normą PN-EN ISO 12312-1:2014-02/A1:2016-01. Każda para okularów posiada oryginalne oznaczenia znajdujące się na wewnętrznej stronie zauszników ; logo producenta, numer modelu, kategoria filtra oraz oznaczenie CE. O POLARYZACJI: Soczewki polaryzacyjne neutralizują oślepiające refleksy, powstające wówczas gdy światło odbija się od mokrej drogi, powierzchni wody lub śniegu. Eliminacja światła odbitego zwiększ kontrast widzenia i pozwala na bardziej komfortowe widzenie. Dlatego okulary z filtrem polaryzacyjnym to idealne rozwiązanie do wszelkiego rodzaju aktywności na świeżym powietrzu, pozwalające pełniej korzystać z życia. ZALETY: Eliminują oślepiające od"
244646,G1923 C1,Almería,Coast,GOYA G1923 C1,,109,76.3,109.0,349,Przeciwsłoneczne,Unisex,Aviator,Metal,tak,Złoty,Brązowy,instock,4,GOYA okulary przeciwsłoneczne z filtrem polaryzacyjnym - G1923 C1,goya-g1923-c1-okulary-przeciwsloneczne-z-filtrem-polaryzacyjnym,https://goya-eight.vercel.app/okulary/goya-g1923-c1-okulary-przeciwsloneczne-z-filtrem-polaryzacyjnym,https://okulary.pl/wp-content/uploads/2022/11/974_3.jpg,"OKULARY PRZECIWSŁONECZNE DLA KIEROWCÓW GOYA Z FILTREM POLARYZACYJNYM I UV400 Soczewki okularów GOYA o grubości 1,1 wyposażone są w filtr polaryzacyjny oraz filtr ochronny UV-400 (UV-A, UV-B, UV-C) OPRAWKA WYKONANA W TECHNOLOGII TR-90 Wysokiej jakości odmiana nylonu, wyjątkowo odporna na rozciąganie i wyginanie. Materiał wytrzymały na uderzenia, elastyczny, przyjemny w dotyku, o właściwościach antyalergicznych. Okulary wykonane z TR-90 są lekkie, wytrzymałe i wygodne w użytkowaniu. ZAUSZNIKI POŁĄCZONE Z OPRAWKĄ SYSTEMEM FLEX: FLEX - elastyczne połączenie zausznika z frontem oprawy. Zwiększony zakres odchylenia zausznika do ponad 110° gwarantuje wygodę noszenia i ułatwia zakładanie oraz zdejmowanie okularów. OKULARY POSIADAJĄ CERTYFIKAT CE. Produkt odpowiada Wytycznej Europejskiej 89/686/EWG zgodnie z normą PN-EN ISO 12312-1:2014-02/A1:2016-01. Każda para okularów posiada oryginalne oznaczenia znajdujące się na wewnętrznej stronie zauszników ; logo producenta, numer modelu, kategoria filtra oraz oznaczenie CE. O POLARYZACJI: Soczewki pol"
243994,G 89020,Altea,City,,Goya G 89020 C4; Goya G 89020 C5,159,111.3,,449,Korekcyjne,Unisex,Kwadratowe,Tworzywo,nie,"Czarny, Granatowy, Niebieski",,instock,0,GOYA okulary korekcyjne - G 89020,goya-okulary-korekcyjne-g-89020-c4,https://goya-eight.vercel.app/okulary/goya-okulary-korekcyjne-g-89020-c4,https://okulary.pl/wp-content/uploads/2022/11/625_4.jpg,"OKULARY KOREKCYJNE GOYA G 89020 Produkt nowy - posiadają oryginalne zabezpieczenia, metkę oraz instrukcję użytkowania, dodatkowo w zestawie twarde etui na zawias sprężynowy Marki GOYA oraz miękką ściereczkę czyszczącą. NASZE PRODUKTY WYSYŁAMY BARDZO DOBRZE ZABEZPIECZONE W FOLIĘ TRANSPORTOWĄ I ZAPAKOWANE W WYTRZYMAŁY KARTONIK"
243742,G 15217,Amapola,Coast,,Goya G 15217 CZ; Goya G 15217 ZX,109,76.3,,349,Przeciwsłoneczne,Damskie,Kocie,Metal,tak,"Czarny, Wielokolorowy, Złoty","Brązowy, Czarny",instock,58,GOYA okulary przeciwsłoneczne z filtrem polaryzacyjnym - G 15217,goya-g-15217-cz-okulary-przeciwsloneczne-kocie-oczy-z-filtrem-polaryzacyjnym,https://goya-eight.vercel.app/okulary/goya-g-15217-cz-okulary-przeciwsloneczne-kocie-oczy-z-filtrem-polaryzacyjnym,https://okulary.pl/wp-content/uploads/2022/11/194_1.jpg,"OKULARY PRZECIWSŁONECZNE GOYA Z FILTREM POLARYZACYJNYM I UV400 Oprawka wykonana w technologii - wycinania z płyty. Ręcznie obrabiana. Soczewki okularów GOYA o grubości 1,1 wyposażone są w filtr polaryzacyjny oraz filtr ochronny UV-400 (UV-A, UV-B, UV-C) OKULARY POSIADAJĄ CERTYFIKAT CE. Produkt odpowiada Wytycznej Europejskiej 89/686/EWG zgodnie z normą PN-EN ISO 12312-1:2014-02/A1:2016-01. Każda para okularów posiada oryginalne oznaczenia znajdujące się na wewnętrznej stronie zauszników ; logo producenta, numer modelu, kategoria filtra oraz oznaczenie CE. O POLARYZACJI: Soczewki polaryzacyjne neutralizują oślepiające refleksy, powstające wówczas gdy światło odbija się od mokrej drogi, powierzchni wody lub śniegu. Eliminacja światła odbitego zwiększ kontrast widzenia i pozwala na bardziej komfortowe widzenie. Dlatego okulary z filtrem polaryzacyjnym to idealne rozwiązanie do wszelkiego rodzaju aktywności na świeżym powietrzu, pozwalające pełniej korzystać z życia. ZALETY: Eliminują oślepiające odblaski, zmniejszając zmęczenie oczu"
244300,G 94312 C1,Ancla,City,Goya G 94312 C1,,159,111.3,159.0,449,Korekcyjne,Męskie,Prostokątne,Tworzywo,nie,"Czarny, Szary",,instock,0,GOYA okulary korekcyjne - G 94312 C1,goya-okulary-korekcyjne-g-94312-c1,https://goya-eight.vercel.app/okulary/goya-okulary-korekcyjne-g-94312-c1,https://okulary.pl/wp-content/uploads/2022/11/667_4.jpg,"OKULARY KOREKCYJNE GOYA G 94312 C1 Produkt nowy - posiadają oryginalne zabezpieczenia, metkę oraz instrukcję użytkowania, dodatkowo w zestawie twarde etui na zawias sprężynowy Marki GOYA oraz miękką ściereczkę czyszczącą. NASZE PRODUKTY WYSYŁAMY BARDZO DOBRZE ZABEZPIECZONE W FOLIĘ TRANSPORTOWĄ I ZAPAKOWANE W WYTRZYMAŁY KARTONIK"
256121,CJ 1943,Arena,City,,GOYA CJ 1943 CZ; GOYA CJ 1943 P,179,125.3,,499,Przeciwsłoneczne,Męskie,Nerdy,Tworzywo,tak,Czarny,"Czarny, Pomarańczowy",instock,10,GOYA okulary przeciwsłoneczne z filtrem polaryzacyjnym - GOYA CJ 1943,goya-okulary-przeciwsloneczne-z-filtrem-polaryzacyjnym-goya-cj-1943,https://goya-eight.vercel.app/okulary/goya-okulary-przeciwsloneczne-z-filtrem-polaryzacyjnym-goya-cj-1943,https://okulary.pl/wp-content/uploads/2023/04/GOYA-CJ1943-P-A.jpg,"OKULARY PRZECIWSŁONECZNE GOYA Z FILTREM POLARYZACYJNYM I UV400 Soczewki okularów GOYA o grubości 1,1 wyposażone są w filtr polaryzacyjny oraz filtr ochronny UV-400 (UV-A, UV-B, UV-C) OKULARY POSIADAJĄ CERTYFIKAT CE. Produkt odpowiada Wytycznej Europejskiej 89/686/EWG zgodnie z normą PN-EN ISO 12312-1:2014-02/A1:2016-01. Każda para okularów posiada oryginalne oznaczenia znajdujące się na wewnętrznej stronie zauszników ; logo producenta, numer modelu, kategoria filtra oraz oznaczenie CE. O POLARYZACJI: Soczewki polaryzacyjne neutralizują oślepiające refleksy, powstające wówczas gdy światło odbija się od mokrej drogi, powierzchni wody lub śniegu. Eliminacja światła odbitego zwiększ kontrast widzenia i pozwala na bardziej komfortowe widzenie. Dlatego okulary z filtrem polaryzacyjnym to idealne rozwiązanie do wszelkiego rodzaju aktywności na świeżym powietrzu, pozwalające pełniej korzystać z życia. ZALETY: Eliminują oślepiające odblaski, zmniejszając zmęczenie oczu Chronią przed szkodliwym promieniowaniem UV Zwiększają kontrast"
243941,okulary korekcyjne G 2694 C1,Astro,Weekend,Goya G 2694 C1,,109,76.3,109.0,349,Korekcyjne,Damskie,Okrągłe,Tworzywo,nie,Czarny,,outofstock,0,GOYA okulary korekcyjne G 2694 C1,goya-okulary-korekcyjne-g-2694-c1,https://goya-eight.vercel.app/okulary/goya-okulary-korekcyjne-g-2694-c1,https://okulary.pl/wp-content/uploads/2022/11/610_4.jpg,"OKULARY KOREKCYJNE GOYA G 2694 C1 Produkt nowy ! - posiadają oryginalne zabezpieczenia, metkę oraz instrukcję użytkowania, dodatkowo w zestawie twarde etui na zawias sprężynowy Marki GOYA oraz miękką ściereczkę czyszczącą. NASZE PRODUKTY SĄ BARDZO DOBRZE ZABEZPIECZONE W FOLIĘ TRANSPORTOWĄ I ZAPAKOWANE W WYTRZYMAŁY KARTONIK"
243956,okulary korekcyjne G 2742 C4,Aura,City,Goya G 2742 C4,,109,76.3,109.0,349,Korekcyjne,Damskie,Prostokątne,Tworzywo,nie,"Czerwony, Fioletowy",,instock,0,GOYA okulary korekcyjne G 2742 C4,goya-okulary-korekcyjne-g-2742-c4,https://goya-eight.vercel.app/okulary/goya-okulary-korekcyjne-g-2742-c4,https://okulary.pl/wp-content/uploads/2022/11/575_6.jpg,"OKULARY KOREKCYJNE GOYA G 2742 C4 Produkt nowy ! - posiadają oryginalne zabezpieczenia, metkę oraz instrukcję użytkowania, dodatkowo w zestawie twarde etui na zawias sprężynowy Marki GOYA oraz miękką ściereczkę czyszczącą. NASZE PRODUKTY SĄ BARDZO DOBRZE ZABEZPIECZONE W FOLIĘ TRANSPORTOWĄ I ZAPAKOWANE W WYTRZYMAŁY KARTONIK"
337402,G 55029 CZ,Aurora,Coast,G 55029 CZ - C1,,179,125.3,179.0,499,Przeciwsłoneczne,Damskie,Aviator,Metal,tak,Czarny,Szary,instock,9,GOYA okulary przeciwsłoneczne z filtrem polaryzacyjnym - G 55029 CZ,goya-okulary-przeciwsloneczne-z-filtrem-polaryzacyjnym-g-55029-cz,https://goya-eight.vercel.app/okulary/goya-okulary-przeciwsloneczne-z-filtrem-polaryzacyjnym-g-55029-cz,https://okulary.pl/wp-content/uploads/2025/02/G_55029_CZ_A.jpg,"OKULARY PRZECIWSŁONECZNE DLA KIEROWCÓW GOYA Z FILTREM POLARYZACYJNYM I UV400 Oprawki wykonane w całości z aluminium - co sprawia, że okulary są bardzo lekkie i wytrzymałe. Soczewki okularów GOYA o grubości 1,1 wyposażone są w filtr polaryzacyjny oraz filtr ochronny UV-400 (UV-A, UV-B, UV-C) ZAUSZNIKI POŁĄCZONE Z OPRAWKĄ SYSTEMEM FLEX: FLEX - elastyczne połączenie zausznika z frontem oprawy. Zwiększony zakres odchylenia zausznika do ponad 110° gwarantuje wygodę noszenia i ułatwia zakładanie oraz zdejmowanie okularów. OKULARY POSIADAJĄ CERTYFIKAT CE. Produkt odpowiada Wytycznej Europejskiej 89/686/EWG zgodnie z normą PN-EN ISO 12312-1:2014-02/A1:2016-01. Każda para okularów posiada oryginalne oznaczenia znajdujące się na wewnętrznej stronie zauszników ; logo producenta, numer modelu, kategoria filtra oraz oznaczenie CE. O POLARYZACJI: Soczewki polaryzacyjne neutralizują oślepiające refleksy, powstające wówczas gdy światło odbija się od mokrej drogi, powierzchni wody lub śniegu. Eliminacja światła odbitego zwiększ kontrast widzenia i pozwala"
245502,G 196 BR,Avellana,Coast,GOYA G 196 BR,,149,104.3,149.0,449,Przeciwsłoneczne,Damskie,Muchy,Tworzywo,tak,"Brązowy, Złoty",Brązowy,instock,9,GOYA okulary przeciwsłoneczn z filtrem polaryzacyjnym - G 196 BR,goya-g-196-br-okulary-przeciwsloneczne-z-filtrem-polaryzacyjnym,https://goya-eight.vercel.app/okulary/goya-g-196-br-okulary-przeciwsloneczne-z-filtrem-polaryzacyjnym,https://okulary.pl/wp-content/uploads/2022/11/3124_1.jpg,"OKULARY PRZECIWSŁONECZNE DLA KIEROWCÓW GOYA Z FILTREM POLARYZACYJNYM I UV400 Soczewki okularów GOYA o grubości 1,1 wyposażone są w filtr polaryzacyjny oraz filtr ochronny UV-400 (UV-A, UV-B, UV-C) OKULARY POSIADAJĄ CERTYFIKAT CE. Produkt odpowiada Wytycznej Europejskiej 89/686/EWG zgodnie z normą PN-EN ISO 12312-1:2014-02/A1:2016-01. Każda para okularów posiada oryginalne oznaczenia znajdujące się na wewnętrznej stronie zauszników ; logo producenta, numer modelu, kategoria filtra oraz oznaczenie CE. O POLARYZACJI: Soczewki polaryzacyjne neutralizują oślepiające refleksy, powstające wówczas gdy światło odbija się od mokrej drogi, powierzchni wody lub śniegu. Eliminacja światła odbitego zwiększ kontrast widzenia i pozwala na bardziej komfortowe widzenie. Dlatego okulary z filtrem polaryzacyjnym to idealne rozwiązanie do wszelkiego rodzaju aktywności na świeżym powietrzu, pozwalające pełniej korzystać z życia. ZALETY: Eliminują oślepiające odblaski, zmniejszając zmęczenie oczu Chronią przed szkodliwym promieniowaniem UV Zwiększ"
244447,G 96514S C21,Azabache,Weekend,,Goya G 96514S C2; Goya G 96514S C1,109,76.3,,349,Przeciwsłoneczne,Damskie,Okrągłe,Tworzywo,nie,"Czarny, Transparentny",Czarny,instock,3,GOYA okulary przeciwsłoneczne - G 96514S C21,goya-g-96514s-c21-okulary-przeciwsloneczne,https://goya-eight.vercel.app/okulary/goya-g-96514s-c21-okulary-przeciwsloneczne,https://okulary.pl/wp-content/uploads/2022/11/689_4.jpg,"OKULARY PRZECIWSŁONECZNE MARKI GOYA OKULARY POSIADAJĄ CERTYFIKAT CE. Produkt odpowiada Wytycznej Europejskiej 89/686/EWG zgodnie z normą PN-EN ISO 12312-1:2014-02/A1:2016-01. Każda para okularów posiada oryginalne oznaczenia znajdujące się na wewnętrznej stronie zauszników ; logo producenta, numer modelu, kategoria filtra oraz oznaczenie CE. Produkt nowy - posiadają oryginalne zabezpieczenia, metkę oraz instrukcję użytkowania, dodatkowo w zestawie twarde etui na zawias sprężynowy Marki GOYA oraz miękką ściereczkę czyszczącą. NASZE PRODUKTY WYSYŁAMY BARDZO DOBRZE ZABEZPIECZONE W FOLIĘ TRANSPORTOWĄ I ZAPAKOWANE W WYTRZYMAŁY KARTONIK"
237602,G 221,Azahar,City,G 221,,119,83.3,119.0,399,Przeciwsłoneczne,Damskie,Nerdy,Tworzywo,tak,Brązowy,Brązowy,instock,14,GOYA okulary przeciwsłoneczne z filtrem polaryzacyjnym - G 221,okulary-przeciwsloneczne-polaryzacyjne-kujonki-goya-g-221,https://goya-eight.vercel.app/okulary/okulary-przeciwsloneczne-polaryzacyjne-kujonki-goya-g-221,https://okulary.pl/wp-content/uploads/2022/03/prof-233.jpeg,"OKULARY PRZECIWSŁONECZNE GOYA Z FILTREM POLARYZACYJNYM I UV400 Oprawka wykonana w technologii - wycinania z płyty. Ręcznie obrabiana. Soczewki okularów GOYA o grubości 1,1 wyposażone są w filtr polaryzacyjny oraz filtr ochronny UV-400 (UV-A, UV-B, UV-C) OKULARY POSIADAJĄ CERTYFIKAT CE. Produkt odpowiada Wytycznej Europejskiej 89/686/EWG zgodnie z normą PN-EN ISO 12312-1:2014-02/A1:2016-01. Każda para okularów posiada oryginalne oznaczenia znajdujące się na wewnętrznej stronie zauszników ; logo producenta, numer modelu, kategoria filtra oraz oznaczenie CE. O POLARYZACJI: Soczewki polaryzacyjne neutralizują oślepiające refleksy, powstające wówczas gdy światło odbija się od mokrej drogi, powierzchni wody lub śniegu. Eliminacja światła odbitego zwiększ kontrast widzenia i pozwala na bardziej komfortowe widzenie. Dlatego okulary z filtrem polaryzacyjnym to idealne rozwiązanie do wszelkiego rodzaju aktywności na świeżym powietrzu, pozwalające pełniej korzystać z życia. ZALETY: Eliminują oślepiające odblaski, zmniejszając zmęczenie oczu"
243919,G 2655 C1,Azucena,Coast,Goya G 2655 C1,,109,76.3,109.0,349,Korekcyjne,Damskie,Kocie,Tworzywo,nie,"Brązowy, Zielony, Żółty",,instock,2,GOYA okulary korekcyjne - G 2655 C1,goya-okulary-korekcyjne-g-2655-c1,https://goya-eight.vercel.app/okulary/goya-okulary-korekcyjne-g-2655-c1,https://okulary.pl/wp-content/uploads/2022/11/605_4.jpg,"OKULARY KOREKCYJNE GOYA G 2655 C1 Produkt nowy - posiadają oryginalne zabezpieczenia, metkę oraz instrukcję użytkowania, dodatkowo w zestawie twarde etui na zawias sprężynowy Marki GOYA oraz miękką ściereczkę czyszczącą. NASZE PRODUKTY WYSYŁAMY BARDZO DOBRZE ZABEZPIECZONE W FOLIĘ TRANSPORTOWĄ I ZAPAKOWANE W WYTRZYMAŁY KARTONIK"
245657,G 187,Añil,Coast,,GOYA G 187 CZ; Goya G 187 ZX; Goya G 187 BR,149,104.3,,449,Przeciwsłoneczne,Damskie,Muchy,Tworzywo,tak,"Brązowy, Czarny, Szylkret","Brązowy, Czarny",instock,6,GOYA okulary przeciwsłoneczne z filtrem polaryzacyjnym - G 187,goya-g-187-cz-okulary-przeciwsloneczne-z-filtrem-polaryzacyjnym,https://goya-eight.vercel.app/okulary/goya-g-187-cz-okulary-przeciwsloneczne-z-filtrem-polaryzacyjnym,https://okulary.pl/wp-content/uploads/2022/11/3136_1.jpg,"OKULARY PRZECIWSŁONECZNE DLA KIEROWCÓW GOYA Z FILTREM POLARYZACYJNYM I UV400 Soczewki okularów GOYA o grubości 1,1 wyposażone są w filtr polaryzacyjny oraz filtr ochronny UV-400 (UV-A, UV-B, UV-C) OPRAWKA WYKONANA W TECHNOLOGII TR-90 Wysokiej jakości odmiana nylonu, wyjątkowo odporna na rozciąganie i wyginanie. Materiał wytrzymały na uderzenia, elastyczny, przyjemny w dotyku, o właściwościach antyalergicznych. Okulary wykonane z TR-90 są lekkie, wytrzymałe i wygodne w użytkowaniu. OKULARY POSIADAJĄ CERTYFIKAT CE. Produkt odpowiada Wytycznej Europejskiej 89/686/EWG zgodnie z normą PN-EN ISO 12312-1:2014-02/A1:2016-01. Każda para okularów posiada oryginalne oznaczenia znajdujące się na wewnętrznej stronie zauszników ; logo producenta, numer modelu, kategoria filtra oraz oznaczenie CE. O POLARYZACJI: Soczewki polaryzacyjne neutralizują oślepiające refleksy, powstające wówczas gdy światło odbija się od mokrej drogi, powierzchni wody lub śniegu. Eliminacja światła odbitego zwiększ kontrast widzenia i pozwala na bardziej komfortowe widzenie. Dlatego o"
334606,G 55015 CZ,Bahía,City,G 55015 CZ - C1,,179,125.3,179.0,499,Przeciwsłoneczne,Męskie,Nerdy,Metal,tak,Czarny,Szary,instock,3,GOYA okulary przeciwsłoneczne z filtrem polaryzacyjnym - G 55015 CZ,goya-okulary-przeciwsloneczne-z-filtrem-polaryzacyjnym-g-55015-cz,https://goya-eight.vercel.app/okulary/goya-okulary-przeciwsloneczne-z-filtrem-polaryzacyjnym-g-55015-cz,https://okulary.pl/wp-content/uploads/2025/01/G_55015_CZ_A.jpg,"OKULARY PRZECIWSŁONECZNE DLA KIEROWCÓW GOYA Z FILTREM POLARYZACYJNYM I UV400 Zausznik wykonane w całości z aluminium - co sprawia, że okulary są bardzo lekkie i wytrzymałe. Soczewki okularów GOYA o grubości 1,1 wyposażone są w filtr polaryzacyjny oraz filtr ochronny UV-400 (UV-A, UV-B, UV-C) ZAUSZNIKI POŁĄCZONE Z OPRAWKĄ SYSTEMEM FLEX: FLEX - elastyczne połączenie zausznika z frontem oprawy. Zwiększony zakres odchylenia zausznika do ponad 110° gwarantuje wygodę noszenia i ułatwia zakładanie oraz zdejmowanie okularów. OKULARY POSIADAJĄ CERTYFIKAT CE. Produkt odpowiada Wytycznej Europejskiej 89/686/EWG zgodnie z normą PN-EN ISO 12312-1:2014-02/A1:2016-01. Każda para okularów posiada oryginalne oznaczenia znajdujące się na wewnętrznej stronie zauszników ; logo producenta, numer modelu, kategoria filtra oraz oznaczenie CE. O POLARYZACJI: Soczewki polaryzacyjne neutralizują oślepiające refleksy, powstające wówczas gdy światło odbija się od mokrej drogi, powierzchni wody lub śniegu. Eliminacja światła odbitego zwiększ kontrast widzenia i pozwala"
243978,okulary korekcyjne G 89087 C2,Begur,Weekend,Goya G 89087 C2,,159,111.3,159.0,449,Korekcyjne,Unisex,Okrągłe,Tworzywo,nie,"Czarny, Czerwony",,instock,0,GOYA okulary korekcyjne G 89087 C2,goya-okulary-korekcyjne-g-89087-c2,https://goya-eight.vercel.app/okulary/goya-okulary-korekcyjne-g-89087-c2,https://okulary.pl/wp-content/uploads/2022/11/575_6.jpg,"OKULARY KOREKCYJNE GOYA G 89087 C2 Produkt nowy ! - posiadają oryginalne zabezpieczenia, metkę oraz instrukcję użytkowania, dodatkowo w zestawie twarde etui na zawias sprężynowy Marki GOYA oraz miękką ściereczkę czyszczącą. NASZE PRODUKTY SĄ BARDZO DOBRZE ZABEZPIECZONE W FOLIĘ TRANSPORTOWĄ I ZAPAKOWANE W WYTRZYMAŁY KARTONIK"
244093,M 9004,Bella,Coast,,Goya M 9004 C1; Goya M 9004 C3; Goya M 9004 C4,159,111.3,,449,Korekcyjne,Damskie,Kocie,Metal,nie,"Czarny, Czerwony, Fioletowy, Srebrny, Złoty",,instock,4,GOYA okulary korekcyjne - M 9004,goya-okulary-korekcyjne-m-9004-c1,https://goya-eight.vercel.app/okulary/goya-okulary-korekcyjne-m-9004-c1,https://okulary.pl/wp-content/uploads/2022/11/649_4.jpg,"OKULARY KOREKCYJNE GOYA M 9004 Produkt nowy - posiadają oryginalne zabezpieczenia, metkę oraz instrukcję użytkowania, dodatkowo w zestawie twarde etui na zawias sprężynowy Marki GOYA oraz miękką ściereczkę czyszczącą. NASZE PRODUKTY WYSYŁAMY BARDZO DOBRZE ZABEZPIECZONE W FOLIĘ TRANSPORTOWĄ I ZAPAKOWANE W WYTRZYMAŁY KARTONIK"
245493,G 199,Bravo,Coast,,GOYA G 199 GR; GOYA G 199 BR,149,104.3,,449,Przeciwsłoneczne,Męskie,Aviator,Metal,tak,"Brązowy, Grafitowy","Brązowy, Czarny",instock,7,GOYA okulary przeciwsłoneczne z filtrem polaryzacyjnym - G 199,goya-g-199-br-okulary-przeciwsloneczne-z-filtrem-polaryzacyjnym,https://goya-eight.vercel.app/okulary/goya-g-199-br-okulary-przeciwsloneczne-z-filtrem-polaryzacyjnym,https://okulary.pl/wp-content/uploads/2022/11/3123_1.jpg,"OKULARY PRZECIWSŁONECZNE DLA KIEROWCÓW GOYA Z FILTREM POLARYZACYJNYM I UV400 Zauszniki oprawek wykonane z aluminium - co sprawia, że okulary są bardzo lekkie i wytrzymałe. Oprawki wykonane z monelu. Soczewki okularów GOYA o grubości 1,1 wyposażone są w filtr polaryzacyjny oraz filtr ochronny UV-400 (UV-A, UV-B, UV-C) ZAUSZNIKI POŁĄCZONE Z OPRAWKĄ SYSTEMEM FLEX: FLEX - elastyczne połączenie zausznika z frontem oprawy. Zwiększony zakres odchylenia zausznika do ponad 110° gwarantuje wygodę noszenia i ułatwia zakładanie oraz zdejmowanie okularów. OKULARY POSIADAJĄ CERTYFIKAT CE. Produkt odpowiada Wytycznej Europejskiej 89/686/EWG zgodnie z normą PN-EN ISO 12312-1:2014-02/A1:2016-01. Każda para okularów posiada oryginalne oznaczenia znajdujące się na wewnętrznej stronie zauszników ; logo producenta, numer modelu, kategoria filtra oraz oznaczenie CE. O POLARYZACJI: Soczewki polaryzacyjne neutralizują oślepiające refleksy, powstające wówczas gdy światło odbija się od mokrej drogi, powierzchni wody lub śniegu. Eliminacja światła odbitego zwiększ"
245722,G 183,Brisa,Weekend,,GOYA G 183 ZX; Goya G 183 BR; Goya G 183 CZ,149,104.3,,449,Przeciwsłoneczne,Damskie,Okrągłe,Tworzywo,tak,"Brązowy, Czarny, Transparentny","Brązowy, Czarny",instock,13,GOYA okulary przeciwsłoneczne z filtrem polaryzacyjnym - G 183,goya-g-183-zx-okulary-przeciwsloneczne-z-filtrem-polaryzacyjnym,https://goya-eight.vercel.app/okulary/goya-g-183-zx-okulary-przeciwsloneczne-z-filtrem-polaryzacyjnym,https://okulary.pl/wp-content/uploads/2022/11/3147_6.jpg,"OKULARY PRZECIWSŁONECZNE DLA KIEROWCÓW GOYA Z FILTREM POLARYZACYJNYM I UV400 Soczewki okularów GOYA o grubości 1,1 wyposażone są w filtr polaryzacyjny oraz filtr ochronny UV-400 (UV-A, UV-B, UV-C) OPRAWKA WYKONANA W TECHNOLOGII TR-90 Wysokiej jakości odmiana nylonu, wyjątkowo odporna na rozciąganie i wyginanie. Materiał wytrzymały na uderzenia, elastyczny, przyjemny w dotyku, o właściwościach antyalergicznych. Okulary wykonane z TR-90 są lekkie, wytrzymałe i wygodne w użytkowaniu. OKULARY POSIADAJĄ CERTYFIKAT CE. Produkt odpowiada Wytycznej Europejskiej 89/686/EWG zgodnie z normą PN-EN ISO 12312-1:2014-02/A1:2016-01. Każda para okularów posiada oryginalne oznaczenia znajdujące się na wewnętrznej stronie zauszników ; logo producenta, numer modelu, kategoria filtra oraz oznaczenie CE. O POLARYZACJI: Soczewki polaryzacyjne neutralizują oślepiające refleksy, powstające wówczas gdy światło odbija się od mokrej drogi, powierzchni wody lub śniegu. Eliminacja światła odbitego zwiększ kontrast widzenia i pozwala na bardziej komfortowe widzenie. Dlatego o"
245340,G CP3717,Bronce,City,,G CP3717 R; G CP3717 BR; G CP3717 CZ,159,111.3,,449,Przeciwsłoneczne,Damskie,Prostokątne,Metal,tak,Złoty,"Brązowy, Czarny, Różowy, Szary",instock,9,GOYA okulary przeciwsłoneczne z filtrem polaryzacyjnym - G CP3717,goya-g-cp3717-r-okulary-przeciwsloneczne-polaryzacyjne,https://goya-eight.vercel.app/okulary/goya-g-cp3717-r-okulary-przeciwsloneczne-polaryzacyjne,https://okulary.pl/wp-content/uploads/2022/11/2607_1.jpg,"OKULARY PRZECIWSŁONECZNE MARKI GOYA Z FILTREM POLARYZACYJNYM I UV400 Soczewki okularów GOYA o grubości 1,1 wyposażone są w filtr polaryzacyjny oraz filtr ochronny UV-400 (UV-A, UV-B, UV-C) OKULARY POSIADAJĄ CERTYFIKAT CE. Produkt odpowiada Wytycznej Europejskiej 89/686/EWG zgodnie z normą PN-EN ISO 12312-1:2014-02/A1:2016-01. Każda para okularów posiada oryginalne oznaczenia znajdujące się na wewnętrznej stronie zauszników ; logo producenta, numer modelu, kategoria filtra oraz oznaczenie CE. O POLARYZACJI: Soczewki polaryzacyjne neutralizują oślepiające refleksy, powstające wówczas gdy światło odbija się od mokrej drogi, powierzchni wody lub śniegu. Eliminacja światła odbitego zwiększ kontrast widzenia i pozwala na bardziej komfortowe widzenie. Dlatego okulary z filtrem polaryzacyjnym to idealne rozwiązanie do wszelkiego rodzaju aktywności na świeżym powietrzu, pozwalające pełniej korzystać z życia. ZALETY: Eliminują oślepiające odblaski, zmniejszając zmęczenie oczu Chronią przed szkodliwym promieniowaniem UV Zwiększają kontras"
244389,G 95541,Bruma,City,,Goya G 95541 C1; Goya G 95541 C2,179,125.3,,499,Korekcyjne,Męskie,Prostokątne,Metal,nie,"Czarny, Srebrny, Złoty",,instock,1,GOYA okulary korekcyjne - G 95541,goya-okulary-korekcyjne-g-95541-c1,https://goya-eight.vercel.app/okulary/goya-okulary-korekcyjne-g-95541-c1,https://okulary.pl/wp-content/uploads/2022/11/680_4.jpg,"OKULARY KOREKCYJNE GOYA G 95541 Produkt nowy - posiadają oryginalne zabezpieczenia, metkę oraz instrukcję użytkowania, dodatkowo w zestawie twarde etui na zawias sprężynowy Marki GOYA oraz miękką ściereczkę czyszczącą. NASZE PRODUKTY WYSYŁAMY BARDZO DOBRZE ZABEZPIECZONE W FOLIĘ TRANSPORTOWĄ I ZAPAKOWANE W WYTRZYMAŁY KARTONIK"
244057,LB 8936 C5,Brío,City,Goya LB 8936 C5,,129,90.3,129.0,399,Korekcyjne,Męskie,Prostokątne,Tworzywo,nie,"Czarny, Zielony",,instock,0,GOYA okulary korekcyjne - LB 8936 C5,goya-okulary-korekcyjne-lb-8936-c5,https://goya-eight.vercel.app/okulary/goya-okulary-korekcyjne-lb-8936-c5,https://okulary.pl/wp-content/uploads/2022/11/575_6.jpg,"OKULARY KOREKCYJNE GOYA LB 8936 C5 Produkt nowy ! - posiadają oryginalne zabezpieczenia, metkę oraz instrukcję użytkowania, dodatkowo w zestawie twarde etui na zawias sprężynowy Marki GOYA oraz miękką ściereczkę czyszczącą. NASZE PRODUKTY SĄ BARDZO DOBRZE ZABEZPIECZONE W FOLIĘ TRANSPORTOWĄ I ZAPAKOWANE W WYTRZYMAŁY KARTONIK"
243883,G 2622 C3,Buganvilla,City,Goya G 2622 C3,,109,76.3,109.0,349,Korekcyjne,Damskie,Prostokątne,Tworzywo,nie,"Biały, Czerwony",,instock,2,GOYA okulary korekcyjne - G 2622 C3,goya-okulary-korekcyjne-g-2622-c3,https://goya-eight.vercel.app/okulary/goya-okulary-korekcyjne-g-2622-c3,https://okulary.pl/wp-content/uploads/2022/11/588_4.jpg,"OKULARY KOREKCYJNE GOYA G 2622 C3 Produkt nowy - posiadają oryginalne zabezpieczenia, metkę oraz instrukcję użytkowania, dodatkowo w zestawie twarde etui na zawias sprężynowy Marki GOYA oraz miękką ściereczkę czyszczącą. NASZE PRODUKTY WYSYŁAMY BARDZO DOBRZE ZABEZPIECZONE W FOLIĘ TRANSPORTOWĄ I ZAPAKOWANE W WYTRZYMAŁY KARTONIK"
244068,GM 7080,Cabo,City,,Goya GM 7080 C5; Goya GM 7080 C3,119,83.3,,399,Korekcyjne,Męskie,Prostokątne,Tworzywo,nie,"Brązowy, Granatowy",,instock,0,GOYA okulary korekcyjne - GM 7080,goya-okulary-korekcyjne-gm-7080-c5,https://goya-eight.vercel.app/okulary/goya-okulary-korekcyjne-gm-7080-c5,https://okulary.pl/wp-content/uploads/2022/11/644_4.jpg,"OKULARY KOREKCYJNE GOYA GM 7080 Produkt nowy - posiadają oryginalne zabezpieczenia, metkę oraz instrukcję użytkowania, dodatkowo w zestawie twarde etui na zawias sprężynowy Marki GOYA oraz miękką ściereczkę czyszczącą. NASZE PRODUKTY WYSYŁAMY BARDZO DOBRZE ZABEZPIECZONE W FOLIĘ TRANSPORTOWĄ I ZAPAKOWANE W WYTRZYMAŁY KARTONIK"
244419,G 95551,Cadaqués,Coast,,Goya G 95551 C2; Goya G 95551 C1,179,125.3,,499,Korekcyjne,Unisex,Aviator,Metal,nie,"Brązowy, Czarny, Złoty",,instock,2,GOYA okulary korekcyjne - G 95551,goya-okulary-korekcyjne-g-95551-c2,https://goya-eight.vercel.app/okulary/goya-okulary-korekcyjne-g-95551-c2,https://okulary.pl/wp-content/uploads/2022/11/688_4.jpg,"OKULARY KOREKCYJNE GOYA G 95551 Produkt nowy - posiadają oryginalne zabezpieczenia, metkę oraz instrukcję użytkowania, dodatkowo w zestawie twarde etui na zawias sprężynowy Marki GOYA oraz miękką ściereczkę czyszczącą. NASZE PRODUKTY WYSYŁAMY BARDZO DOBRZE ZABEZPIECZONE W FOLIĘ TRANSPORTOWĄ I ZAPAKOWANE W WYTRZYMAŁY KARTONIK"
334596,G 55015 GR,Cala,City,G 55015 GR - C2,,179,125.3,179.0,499,Przeciwsłoneczne,Męskie,Nerdy,Metal,tak,"Grafitowy, Szary",Szary,instock,0,GOYA okulary przeciwsłoneczne z filtrem polaryzacyjnym - G 55015 GR,goya-okulary-przeciwsloneczne-z-filtrem-polaryzacyjnym-g-55015-gr,https://goya-eight.vercel.app/okulary/goya-okulary-przeciwsloneczne-z-filtrem-polaryzacyjnym-g-55015-gr,https://okulary.pl/wp-content/uploads/2025/01/G_55015_GR_A.jpg,"OKULARY PRZECIWSŁONECZNE DLA KIEROWCÓW GOYA Z FILTREM POLARYZACYJNYM I UV400 Zausznik wykonane w całości z aluminium - co sprawia, że okulary są bardzo lekkie i wytrzymałe. Soczewki okularów GOYA o grubości 1,1 wyposażone są w filtr polaryzacyjny oraz filtr ochronny UV-400 (UV-A, UV-B, UV-C) ZAUSZNIKI POŁĄCZONE Z OPRAWKĄ SYSTEMEM FLEX: FLEX - elastyczne połączenie zausznika z frontem oprawy. Zwiększony zakres odchylenia zausznika do ponad 110° gwarantuje wygodę noszenia i ułatwia zakładanie oraz zdejmowanie okularów. OKULARY POSIADAJĄ CERTYFIKAT CE. Produkt odpowiada Wytycznej Europejskiej 89/686/EWG zgodnie z normą PN-EN ISO 12312-1:2014-02/A1:2016-01. Każda para okularów posiada oryginalne oznaczenia znajdujące się na wewnętrznej stronie zauszników ; logo producenta, numer modelu, kategoria filtra oraz oznaczenie CE. O POLARYZACJI: Soczewki polaryzacyjne neutralizują oślepiające refleksy, powstające wówczas gdy światło odbija się od mokrej drogi, powierzchni wody lub śniegu. Eliminacja światła odbitego zwiększ kontrast widzenia i pozwala"
244104,MA 3021 C3,Calma,Coast,Goya MA 3021 C3,,119,83.3,119.0,399,Korekcyjne,Damskie,Kocie,Tworzywo,nie,"Czerwony, Fioletowy, Zielony, Złoty",,instock,4,GOYA okulary korekcyjne - MA 3021 C3,goya-okulary-korekcyjne-ma-3021-c3,https://goya-eight.vercel.app/okulary/goya-okulary-korekcyjne-ma-3021-c3,https://okulary.pl/wp-content/uploads/2022/11/652_4.jpg,"OKULARY KOREKCYJNE GOYA MA 3021 C3 Produkt nowy - posiadają oryginalne zabezpieczenia, metkę oraz instrukcję użytkowania, dodatkowo w zestawie twarde etui na zawias sprężynowy Marki GOYA oraz miękką ściereczkę czyszczącą. NASZE PRODUKTY WYSYŁAMY BARDZO DOBRZE ZABEZPIECZONE W FOLIĘ TRANSPORTOWĄ I ZAPAKOWANE W WYTRZYMAŁY KARTONIK"
244254,okulary korekcyjne TJ 032 C3,Calpe,City,Goya TJ 032 C3,,129,90.3,129.0,399,Korekcyjne,Unisex,Prostokątne,Tworzywo,nie,"Czarny, Niebieski",,instock,0,GOYA okulary korekcyjne TJ 032 C3,goya-okulary-korekcyjne-tj-032-c3,https://goya-eight.vercel.app/okulary/goya-okulary-korekcyjne-tj-032-c3,https://okulary.pl/wp-content/uploads/2022/11/575_6.jpg,"OKULARY KOREKCYJNE GOYA TJ 032 C3 Produkt nowy ! - posiadają oryginalne zabezpieczenia, metkę oraz instrukcję użytkowania, dodatkowo w zestawie twarde etui na zawias sprężynowy Marki GOYA oraz miękką ściereczkę czyszczącą. NASZE PRODUKTY SĄ BARDZO DOBRZE ZABEZPIECZONE W FOLIĘ TRANSPORTOWĄ I ZAPAKOWANE W WYTRZYMAŁY KARTONIK"
243848,G 942117,Camelia,Coast,,Goya G 942117 C1; Goya G 942117 C4,159,111.3,,449,Korekcyjne,Damskie,Aviator,Metal,nie,"Czarny, Złoty",,instock,1,GOYA okulary korekcyjne - G 942117,goya-okulary-korekcyjne-g-942117-c1,https://goya-eight.vercel.app/okulary/goya-okulary-korekcyjne-g-942117-c1,https://okulary.pl/wp-content/uploads/2022/11/577_4.jpg,"OKULARY KOREKCYJNE GOYA G 942117 Produkt nowy - posiadają oryginalne zabezpieczenia, metkę oraz instrukcję użytkowania, dodatkowo w zestawie twarde etui na zawias sprężynowy Marki GOYA oraz miękką ściereczkę czyszczącą. NASZE PRODUKTY WYSYŁAMY BARDZO DOBRZE ZABEZPIECZONE W FOLIĘ TRANSPORTOWĄ I ZAPAKOWANE W WYTRZYMAŁY KARTONIK"
245396,G 6232,Canela,Coast,,G 6232 CZ; G 6232 N; G 6232 GR,159,111.3,,449,Przeciwsłoneczne,Damskie,Muchy,Metal,tak,"Czarny, Niebieski, Szary","Czarny, Szary",instock,14,GOYA okulary przeciwsłoneczne z filtrem polaryzacyjnym - G 6232,goya-g-6232-cz-okulary-przeciwsloneczne-polaryzacyjne,https://goya-eight.vercel.app/okulary/goya-g-6232-cz-okulary-przeciwsloneczne-polaryzacyjne,https://okulary.pl/wp-content/uploads/2022/11/2642_1.jpg,"OKULARY PRZECIWSŁONECZNE MARKI GOYA Z FILTREM POLARYZACYJNYM I UV400 Soczewki okularów GOYA o grubości 1,1 wyposażone są w filtr polaryzacyjny oraz filtr ochronny UV-400 (UV-A, UV-B, UV-C) OKULARY POSIADAJĄ CERTYFIKAT CE. Produkt odpowiada Wytycznej Europejskiej 89/686/EWG zgodnie z normą PN-EN ISO 12312-1:2014-02/A1:2016-01. Każda para okularów posiada oryginalne oznaczenia znajdujące się na wewnętrznej stronie zauszników ; logo producenta, numer modelu, kategoria filtra oraz oznaczenie CE. O POLARYZACJI: Soczewki polaryzacyjne neutralizują oślepiające refleksy, powstające wówczas gdy światło odbija się od mokrej drogi, powierzchni wody lub śniegu. Eliminacja światła odbitego zwiększ kontrast widzenia i pozwala na bardziej komfortowe widzenie. Dlatego okulary z filtrem polaryzacyjnym to idealne rozwiązanie do wszelkiego rodzaju aktywności na świeżym powietrzu, pozwalające pełniej korzystać z życia. ZALETY: Eliminują oślepiające odblaski, zmniejszając zmęczenie oczu Chronią przed szkodliwym promieniowaniem UV Zwiększają kont"
245548,G 191 BR,Carmín,Coast,GOYA G 191 BR,,149,104.3,149.0,449,Przeciwsłoneczne,Damskie,Muchy,Tworzywo,tak,Brązowy,Brązowy,instock,5,GOYA okulary przeciwsłoneczne z filtrem polaryzacyjnym - G 191 BR,goya-g-191-br-okulary-przeciwsloneczne-z-filtrem-polaryzacyjnym,https://goya-eight.vercel.app/okulary/goya-g-191-br-okulary-przeciwsloneczne-z-filtrem-polaryzacyjnym,https://okulary.pl/wp-content/uploads/2022/11/3129_1.jpg,"OKULARY PRZECIWSŁONECZNE DLA KIEROWCÓW GOYA Z FILTREM POLARYZACYJNYM I UV400 Soczewki okularów GOYA o grubości 1,1 wyposażone są w filtr polaryzacyjny oraz filtr ochronny UV-400 (UV-A, UV-B, UV-C) OKULARY POSIADAJĄ CERTYFIKAT CE. Produkt odpowiada Wytycznej Europejskiej 89/686/EWG zgodnie z normą PN-EN ISO 12312-1:2014-02/A1:2016-01. Każda para okularów posiada oryginalne oznaczenia znajdujące się na wewnętrznej stronie zauszników ; logo producenta, numer modelu, kategoria filtra oraz oznaczenie CE. O POLARYZACJI: Soczewki polaryzacyjne neutralizują oślepiające refleksy, powstające wówczas gdy światło odbija się od mokrej drogi, powierzchni wody lub śniegu. Eliminacja światła odbitego zwiększ kontrast widzenia i pozwala na bardziej komfortowe widzenie. Dlatego okulary z filtrem polaryzacyjnym to idealne rozwiązanie do wszelkiego rodzaju aktywności na świeżym powietrzu, pozwalające pełniej korzystać z życia. ZALETY: Eliminują oślepiające odblaski, zmniejszając zmęczenie oczu Chronią przed szkodliwym promieniowaniem UV Zwiększ"
244404,G 96302,Cedro,City,,Goya G 96302 C4; Goya G 96302 C3,189,132.3,,499,Korekcyjne,Męskie,Prostokątne,Metal,nie,"Czarny, Srebrny",,instock,2,GOYA okulary korekcyjne - G 96302,goya-okulary-korekcyjne-g-96302-c4,https://goya-eight.vercel.app/okulary/goya-okulary-korekcyjne-g-96302-c4,https://okulary.pl/wp-content/uploads/2022/11/684_1.jpg,"OKULARY KOREKCYJNE GOYA G 96302 Produkt nowy - posiadają oryginalne zabezpieczenia, metkę oraz instrukcję użytkowania, dodatkowo w zestawie twarde etui na zawias sprężynowy Marki GOYA oraz miękką ściereczkę czyszczącą. NASZE PRODUKTY WYSYŁAMY BARDZO DOBRZE ZABEZPIECZONE W FOLIĘ TRANSPORTOWĄ I ZAPAKOWANE W WYTRZYMAŁY KARTONIK"
244098,M 8209,Celeste,Coast,,Goya M 8209 C4; Goya M 8209 C2,129,90.3,,399,Korekcyjne,Damskie,Kocie,Metal,nie,"Brązowy, Granatowy, Srebrny, Złoty",,instock,2,GOYA okulary korekcyjne - M 8209,goya-okulary-korekcyjne-m-8209-c4,https://goya-eight.vercel.app/okulary/goya-okulary-korekcyjne-m-8209-c4,https://okulary.pl/wp-content/uploads/2022/11/650_4.jpg,"OKULARY KOREKCYJNE GOYA M 8209 Produkt nowy - posiadają oryginalne zabezpieczenia, metkę oraz instrukcję użytkowania, dodatkowo w zestawie twarde etui na zawias sprężynowy Marki GOYA oraz miękką ściereczkę czyszczącą. NASZE PRODUKTY WYSYŁAMY BARDZO DOBRZE ZABEZPIECZONE W FOLIĘ TRANSPORTOWĄ I ZAPAKOWANE W WYTRZYMAŁY KARTONIK"
244315,G 93304,Chispa,Weekend,,Goya G 93304 C2; Goya G 93304 C1,119,83.3,,399,Korekcyjne,Dziecięce,Okrągłe,Tworzywo,nie,"Biały, Czarny, Czerwony, Transparentny, Zielony",,instock,0,GOYA okulary korekcyjne - G 93304,goya-okulary-korekcyjne-g-93304-c2,https://goya-eight.vercel.app/okulary/goya-okulary-korekcyjne-g-93304-c2,https://okulary.pl/wp-content/uploads/2022/11/670_4.jpg,"OKULARY KOREKCYJNE GOYA G 93304 Produkt nowy - posiadają oryginalne zabezpieczenia, metkę oraz instrukcję użytkowania, dodatkowo w zestawie twarde etui na zawias sprężynowy Marki GOYA oraz miękką ściereczkę czyszczącą. NASZE PRODUKTY WYSYŁAMY BARDZO DOBRZE ZABEZPIECZONE W FOLIĘ TRANSPORTOWĄ I ZAPAKOWANE W WYTRZYMAŁY KARTONIK"
243936,okulary korekcyjne G 2694 C2,Cielo,Weekend,Goya G 2694 C2,,109,76.3,109.0,349,Korekcyjne,Damskie,Okrągłe,Tworzywo,nie,"Brązowy, Czarny, Żółty",,outofstock,0,GOYA okulary korekcyjne G 2694 C2,goya-okulary-korekcyjne-g-2694-c2,https://goya-eight.vercel.app/okulary/goya-okulary-korekcyjne-g-2694-c2,https://okulary.pl/wp-content/uploads/2022/11/609_1.jpg,"OKULARY KOREKCYJNE GOYA G 2694 C2 Produkt nowy ! - posiadają oryginalne zabezpieczenia, metkę oraz instrukcję użytkowania, dodatkowo w zestawie twarde etui na zawias sprężynowy Marki GOYA oraz miękką ściereczkę czyszczącą. NASZE PRODUKTY SĄ BARDZO DOBRZE ZABEZPIECZONE W FOLIĘ TRANSPORTOWĄ I ZAPAKOWANE W WYTRZYMAŁY KARTONIK"
337436,G 55051 GR,Claro,Coast,G 55051 GR - C2,,179,125.3,179.0,499,Przeciwsłoneczne,Damskie,Aviator,Metal,tak,"Grafitowy, Szary",Szary,instock,1,GOYA okulary przeciwsłoneczne z filtrem polaryzacyjnym - G 55051 GR,goya-okulary-przeciwsloneczne-z-filtrem-polaryzacyjnym-g-55051-gr,https://goya-eight.vercel.app/okulary/goya-okulary-przeciwsloneczne-z-filtrem-polaryzacyjnym-g-55051-gr,https://okulary.pl/wp-content/uploads/2025/02/G_55051_GR_A.jpg,"OKULARY PRZECIWSŁONECZNE DLA KIEROWCÓW GOYA Z FILTREM POLARYZACYJNYM I UV400 Oprawki wykonane w całości z aluminium - co sprawia, że okulary są bardzo lekkie i wytrzymałe. Soczewki okularów GOYA o grubości 1,1 wyposażone są w filtr polaryzacyjny oraz filtr ochronny UV-400 (UV-A, UV-B, UV-C) ZAUSZNIKI POŁĄCZONE Z OPRAWKĄ SYSTEMEM FLEX: FLEX - elastyczne połączenie zausznika z frontem oprawy. Zwiększony zakres odchylenia zausznika do ponad 110° gwarantuje wygodę noszenia i ułatwia zakładanie oraz zdejmowanie okularów. OKULARY POSIADAJĄ CERTYFIKAT CE. Produkt odpowiada Wytycznej Europejskiej 89/686/EWG zgodnie z normą PN-EN ISO 12312-1:2014-02/A1:2016-01. Każda para okularów posiada oryginalne oznaczenia znajdujące się na wewnętrznej stronie zauszników ; logo producenta, numer modelu, kategoria filtra oraz oznaczenie CE. O POLARYZACJI: Soczewki polaryzacyjne neutralizują oślepiające refleksy, powstające wówczas gdy światło odbija się od mokrej drogi, powierzchni wody lub śniegu. Eliminacja światła odbitego zwiększ kontrast widzenia i pozwala"
245367,G 6230 R,Cobre,Weekend,G 6230 R,,159,111.3,159.0,449,Przeciwsłoneczne,Damskie,Okrągłe,Metal,tak,"Różowy, Transparentny",Różowy,instock,1,GOYA okulary przeciwsłoneczne z filtrem polaryzacyjnym - G 6230 R,goya-g-6230-r-okulary-przeciwsloneczne-polaryzacyjne,https://goya-eight.vercel.app/okulary/goya-g-6230-r-okulary-przeciwsloneczne-polaryzacyjne,https://okulary.pl/wp-content/uploads/2022/11/2638_1.jpg,"OKULARY PRZECIWSŁONECZNE MARKI GOYA Z FILTREM POLARYZACYJNYM I UV400 Soczewki okularów GOYA o grubości 1,1 wyposażone są w filtr polaryzacyjny oraz filtr ochronny UV-400 (UV-A, UV-B, UV-C) OKULARY POSIADAJĄ CERTYFIKAT CE. Produkt odpowiada Wytycznej Europejskiej 89/686/EWG zgodnie z normą PN-EN ISO 12312-1:2014-02/A1:2016-01. Każda para okularów posiada oryginalne oznaczenia znajdujące się na wewnętrznej stronie zauszników ; logo producenta, numer modelu, kategoria filtra oraz oznaczenie CE. O POLARYZACJI: Soczewki polaryzacyjne neutralizują oślepiające refleksy, powstające wówczas gdy światło odbija się od mokrej drogi, powierzchni wody lub śniegu. Eliminacja światła odbitego zwiększ kontrast widzenia i pozwala na bardziej komfortowe widzenie. Dlatego okulary z filtrem polaryzacyjnym to idealne rozwiązanie do wszelkiego rodzaju aktywności na świeżym powietrzu, pozwalające pełniej korzystać z życia. ZALETY: Eliminują oślepiające odblaski, zmniejszając zmęczenie oczu Chronią przed szkodliwym promieniowaniem UV Zwiększają ko"
243946,G 2682,Cometa,Coast,,Goya G 2682 C4; Goya G 2682 C2,109,76.3,,349,Korekcyjne,Damskie,Kocie,Tworzywo,nie,"Czarny, Granatowy",,instock,0,GOYA okulary korekcyjne - G 2682,goya-okulary-korekcyjne-g-2682-c4,https://goya-eight.vercel.app/okulary/goya-okulary-korekcyjne-g-2682-c4,https://okulary.pl/wp-content/uploads/2022/11/611_4.jpg,"OKULARY KOREKCYJNE GOYA G 2682 Produkt nowy - posiadają oryginalne zabezpieczenia, metkę oraz instrukcję użytkowania, dodatkowo w zestawie twarde etui na zawias sprężynowy Marki GOYA oraz miękką ściereczkę czyszczącą. NASZE PRODUKTY WYSYŁAMY BARDZO DOBRZE ZABEZPIECZONE W FOLIĘ TRANSPORTOWĄ I ZAPAKOWANE W WYTRZYMAŁY KARTONIK"
244356,G 94319 C2,Comillas,City,Goya G 94319 C2,,159,111.3,159.0,449,Korekcyjne,Unisex,Prostokątne,Tworzywo,nie,"Brązowy, Granatowy",,instock,0,GOYA okulary korekcyjne - G 94319 C2,goya-okulary-korekcyjne-g-94319-c2,https://goya-eight.vercel.app/okulary/goya-okulary-korekcyjne-g-94319-c2,https://okulary.pl/wp-content/uploads/2022/11/675_4.jpg,"OKULARY KOREKCYJNE GOYA G 94319 C2 Produkt nowy - posiadają oryginalne zabezpieczenia, metkę oraz instrukcję użytkowania, dodatkowo w zestawie twarde etui na zawias sprężynowy Marki GOYA oraz miękką ściereczkę czyszczącą. NASZE PRODUKTY WYSYŁAMY BARDZO DOBRZE ZABEZPIECZONE W FOLIĘ TRANSPORTOWĄ I ZAPAKOWANE W WYTRZYMAŁY KARTONIK"
253086,G 149,Conil,City,,Goya G 149 BR A; Goya G 149 ZOL B,149,104.3,,449,Przeciwsłoneczne,Unisex,Owalne,Tworzywo,tak,"Brązowy, Czarny, Żółty","Brązowy, Czarny",instock,3,GOYA okulary przeciwsłoneczne z filtrem polaryzacyjnym - G 149,goya-okulary-przeciwsloneczne-z-filtrem-polaryzacyjnym-g-149,https://goya-eight.vercel.app/okulary/goya-okulary-przeciwsloneczne-z-filtrem-polaryzacyjnym-g-149,https://okulary.pl/wp-content/uploads/2023/01/3189_1.jpg,"OKULARY PRZECIWSŁONECZNE DLA KIEROWCÓW GOYA Z FILTREM POLARYZACYJNYM I UV400 Oprawka wykonana w technologii - wycinania z płyty. Ręcznie obrabiana. Soczewki okularów GOYA o grubości 1,1 wyposażone są w filtr polaryzacyjny oraz filtr ochronny UV-400 (UV-A, UV-B, UV-C) OKULARY POSIADAJĄ CERTYFIKAT CE. Produkt odpowiada Wytycznej Europejskiej 89/686/EWG zgodnie z normą PN-EN ISO 12312-1:2014-02/A1:2016-01. Każda para okularów posiada oryginalne oznaczenia znajdujące się na wewnętrznej stronie zauszników ; logo producenta, numer modelu, kategoria filtra oraz oznaczenie CE. O POLARYZACJI: Soczewki polaryzacyjne neutralizują oślepiające refleksy, powstające wówczas gdy światło odbija się od mokrej drogi, powierzchni wody lub śniegu. Eliminacja światła odbitego zwiększ kontrast widzenia i pozwala na bardziej komfortowe widzenie. Dlatego okulary z filtrem polaryzacyjnym to idealne rozwiązanie do wszelkiego rodzaju aktywności na świeżym powietrzu, pozwalające pełniej korzystać z życia. ZALETY: Eliminują oślepiające odblaski, zmniejszaj"
337384,G 55021 CZ,Coral,City,G 55021 CZ - C1,,179,125.3,179.0,499,Przeciwsłoneczne,Męskie,Owalne,Metal,tak,Czarny,Szary,instock,3,GOYA okulary przeciwsłoneczne z filtrem polaryzacyjnym - G 55021 CZ,goya-okulary-przeciwsloneczne-z-filtrem-polaryzacyjnym-g-55021-cz,https://goya-eight.vercel.app/okulary/goya-okulary-przeciwsloneczne-z-filtrem-polaryzacyjnym-g-55021-cz,https://okulary.pl/wp-content/uploads/2025/02/G_55021_CZ_A.jpg,"OKULARY PRZECIWSŁONECZNE DLA KIEROWCÓW GOYA Z FILTREM POLARYZACYJNYM I UV400 Zausznik wykonane w całości z aluminium - co sprawia, że okulary są bardzo lekkie i wytrzymałe. Soczewki okularów GOYA o grubości 1,1 wyposażone są w filtr polaryzacyjny oraz filtr ochronny UV-400 (UV-A, UV-B, UV-C) ZAUSZNIKI POŁĄCZONE Z OPRAWKĄ SYSTEMEM FLEX: FLEX - elastyczne połączenie zausznika z frontem oprawy. Zwiększony zakres odchylenia zausznika do ponad 110° gwarantuje wygodę noszenia i ułatwia zakładanie oraz zdejmowanie okularów. OKULARY POSIADAJĄ CERTYFIKAT CE. Produkt odpowiada Wytycznej Europejskiej 89/686/EWG zgodnie z normą PN-EN ISO 12312-1:2014-02/A1:2016-01. Każda para okularów posiada oryginalne oznaczenia znajdujące się na wewnętrznej stronie zauszników ; logo producenta, numer modelu, kategoria filtra oraz oznaczenie CE. O POLARYZACJI: Soczewki polaryzacyjne neutralizują oślepiające refleksy, powstające wówczas gdy światło odbija się od mokrej drogi, powierzchni wody lub śniegu. Eliminacja światła odbitego zwiększ kontrast widzenia i pozwala"
245772,G 177 CZ,Corsario,Drive,GOYA G 177 CZ,,129,90.3,129.0,399,Przeciwsłoneczne,Męskie,Sportowe,Plastik,tak,Czarny,Czarny,instock,14,GOYA okulary przeciwsłoneczne z filtrem polaryzacyjnym - G 177 CZ,goya-g-177-cz-okulary-przeciwsloneczne-z-filtrem-polaryzacyjnym,https://goya-eight.vercel.app/okulary/goya-g-177-cz-okulary-przeciwsloneczne-z-filtrem-polaryzacyjnym,https://okulary.pl/wp-content/uploads/2022/11/3154_6.jpg,"OKULARY PRZECIWSŁONECZNE DLA KIEROWCÓW GOYA Z FILTREM POLARYZACYJNYM I UV400 Soczewki okularów GOYA o grubości 1,1 wyposażone są w filtr polaryzacyjny oraz filtr ochronny UV-400 (UV-A, UV-B, UV-C) OPRAWKA WYKONANA W TECHNOLOGII TR-90 Wysokiej jakości odmiana nylonu, wyjątkowo odporna na rozciąganie i wyginanie. Materiał wytrzymały na uderzenia, elastyczny, przyjemny w dotyku, o właściwościach antyalergicznych. Okulary wykonane z TR-90 są lekkie, wytrzymałe i wygodne w użytkowaniu. OKULARY POSIADAJĄ CERTYFIKAT CE. Produkt odpowiada Wytycznej Europejskiej 89/686/EWG zgodnie z normą PN-EN ISO 12312-1:2014-02/A1:2016-01. Każda para okularów posiada oryginalne oznaczenia znajdujące się na wewnętrznej stronie zauszników ; logo producenta, numer modelu, kategoria filtra oraz oznaczenie CE. O POLARYZACJI: Soczewki polaryzacyjne neutralizują oślepiające refleksy, powstające wówczas gdy światło odbija się od mokrej drogi, powierzchni wody lub śniegu. Eliminacja światła odbitego zwiększ kontrast widzenia i pozwala na bardziej komfortowe widzenie. Dlatego o"
334580,G 55015 BR,Costa,City,G 55015 BR - C3,,179,125.3,179.0,499,Przeciwsłoneczne,Męskie,Nerdy,Metal,tak,Brązowy,Brązowy,instock,4,GOYA okulary przeciwsłoneczne z filtrem polaryzacyjnym - G 55015 BR,goya-okulary-przeciwsloneczne-z-filtrem-polaryzacyjnym-g-55015-br,https://goya-eight.vercel.app/okulary/goya-okulary-przeciwsloneczne-z-filtrem-polaryzacyjnym-g-55015-br,https://okulary.pl/wp-content/uploads/2025/01/G_55015_BR_A.jpg,"OKULARY PRZECIWSŁONECZNE DLA KIEROWCÓW GOYA Z FILTREM POLARYZACYJNYM I UV400 Zausznik wykonane w całości z aluminium - co sprawia, że okulary są bardzo lekkie i wytrzymałe. Soczewki okularów GOYA o grubości 1,1 wyposażone są w filtr polaryzacyjny oraz filtr ochronny UV-400 (UV-A, UV-B, UV-C) ZAUSZNIKI POŁĄCZONE Z OPRAWKĄ SYSTEMEM FLEX: FLEX - elastyczne połączenie zausznika z frontem oprawy. Zwiększony zakres odchylenia zausznika do ponad 110° gwarantuje wygodę noszenia i ułatwia zakładanie oraz zdejmowanie okularów. OKULARY POSIADAJĄ CERTYFIKAT CE. Produkt odpowiada Wytycznej Europejskiej 89/686/EWG zgodnie z normą PN-EN ISO 12312-1:2014-02/A1:2016-01. Każda para okularów posiada oryginalne oznaczenia znajdujące się na wewnętrznej stronie zauszników ; logo producenta, numer modelu, kategoria filtra oraz oznaczenie CE. O POLARYZACJI: Soczewki polaryzacyjne neutralizują oślepiające refleksy, powstające wówczas gdy światło odbija się od mokrej drogi, powierzchni wody lub śniegu. Eliminacja światła odbitego zwiększ kontrast widzenia i pozwala"
244347,G 94402,Cuarzo,Coast,,Goya G 94402 C1; Goya G 94402 C2,199,139.3,,499,Korekcyjne,Damskie,Aviator,Metal,nie,"Biały, Czarny, Złoty",Transparentny,instock,1,GOYA okulary korekcyjne - G 94402,goya-okulary-korekcyjne-g-94402-c1,https://goya-eight.vercel.app/okulary/goya-okulary-korekcyjne-g-94402-c1,https://okulary.pl/wp-content/uploads/2022/11/674_4.jpg,"OKULARY KOREKCYJNE GOYA G 94402 Produkt nowy - posiadają oryginalne zabezpieczenia, metkę oraz instrukcję użytkowania, dodatkowo w zestawie twarde etui na zawias sprężynowy Marki GOYA oraz miękką ściereczkę czyszczącą. NASZE PRODUKTY WYSYŁAMY BARDZO DOBRZE ZABEZPIECZONE W FOLIĘ TRANSPORTOWĄ I ZAPAKOWANE W WYTRZYMAŁY KARTONIK"
244579,G1904,Cádiz,Coast,,GOYA G1904 C2; Goya G1904 C5,109,76.3,,349,Przeciwsłoneczne,Unisex,Aviator,Metal,tak,Czarny,"Czarny, Zielony",instock,8,GOYA okulary przeciwsłoneczne z filtrem polaryzacyjnym - G1904,goya-g1904-c2-okulary-przeciwsloneczne-z-filtrem-polaryzacyjnym-kopia,https://goya-eight.vercel.app/okulary/goya-g1904-c2-okulary-przeciwsloneczne-z-filtrem-polaryzacyjnym-kopia,https://okulary.pl/wp-content/uploads/2022/11/967_1.jpg,"OKULARY PRZECIWSŁONECZNE DLA KIEROWCÓW GOYA Z FILTREM POLARYZACYJNYM I UV400 Soczewki okularów GOYA o grubości 1,1 wyposażone są w filtr polaryzacyjny oraz filtr ochronny UV-400 (UV-A, UV-B, UV-C) OPRAWKA WYKONANA W TECHNOLOGII TR-90 Wysokiej jakości odmiana nylonu, wyjątkowo odporna na rozciąganie i wyginanie. Materiał wytrzymały na uderzenia, elastyczny, przyjemny w dotyku, o właściwościach antyalergicznych. Okulary wykonane z TR-90 są lekkie, wytrzymałe i wygodne w użytkowaniu. ZAUSZNIKI POŁĄCZONE Z OPRAWKĄ SYSTEMEM FLEX: FLEX - elastyczne połączenie zausznika z frontem oprawy. Zwiększony zakres odchylenia zausznika do ponad 110° gwarantuje wygodę noszenia i ułatwia zakładanie oraz zdejmowanie okularów. OKULARY POSIADAJĄ CERTYFIKAT CE. Produkt odpowiada Wytycznej Europejskiej 89/686/EWG zgodnie z normą PN-EN ISO 12312-1:2014-02/A1:2016-01. Każda para okularów posiada oryginalne oznaczenia znajdujące się na wewnętrznej stronie zauszników ; logo producenta, numer modelu, kategoria filtra oraz oznaczenie CE. O POLARYZACJI: Soczewki pola"
245833,G 172,Céfiro,City,,Goya G 172 BR; Goya G 172 ZX; Goya G 172 CZ,149,104.3,,449,Przeciwsłoneczne,Damskie,Prostokątne,Tworzywo,tak,"Brązowy, Czarny, Wielokolorowy","Brązowy, Czarny",instock,37,GOYA okulary przeciwsłoneczne z filtrem polaryzacyjnym - G 172,goya-g-172-br-okulary-przeciwsloneczne-z-filtrem-polaryzacyjnym,https://goya-eight.vercel.app/okulary/goya-g-172-br-okulary-przeciwsloneczne-z-filtrem-polaryzacyjnym,https://okulary.pl/wp-content/uploads/2022/11/3160_6.jpg,"OKULARY PRZECIWSŁONECZNE DLA KIEROWCÓW GOYA Z FILTREM POLARYZACYJNYM I UV400 Oprawka wykonana w technologii - wycinania z płyty. Ręcznie obrabiana. Soczewki okularów GOYA o grubości 1,1 wyposażone są w filtr polaryzacyjny oraz filtr ochronny UV-400 (UV-A, UV-B, UV-C) OPRAWKA WYKONANA W TECHNOLOGII TR-90 Wysokiej jakości odmiana nylonu, wyjątkowo odporna na rozciąganie i wyginanie. Materiał wytrzymały na uderzenia, elastyczny, przyjemny w dotyku, o właściwościach antyalergicznych. Okulary wykonane z TR-90 są lekkie, wytrzymałe i wygodne w użytkowaniu. OKULARY POSIADAJĄ CERTYFIKAT CE. Produkt odpowiada Wytycznej Europejskiej 89/686/EWG zgodnie z normą PN-EN ISO 12312-1:2014-02/A1:2016-01. Każda para okularów posiada oryginalne oznaczenia znajdujące się na wewnętrznej stronie zauszników ; logo producenta, numer modelu, kategoria filtra oraz oznaczenie CE. O POLARYZACJI: Soczewki polaryzacyjne neutralizują oślepiające refleksy, powstające wówczas gdy światło odbija się od mokrej drogi, powierzchni wody lub śniegu. Eliminacja światła odbitego zwięk"
243658,G 0901S,Dalia,Coast,,Goya G 0901S P; Goya G 0901S N,109,76.3,,349,Przeciwsłoneczne,Damskie,Aviator,Metal,tak,Złoty,"Niebieski, Pomarańczowy",instock,15,GOYA okulary przeciwsłoneczne z filtrem polaryzacyjnym - G 0901S,goya-g-0901s-p-okulary-przeciwsloneczne-z-filtrem-polaryzacyjnym-pilotki-lustrzanki,https://goya-eight.vercel.app/okulary/goya-g-0901s-p-okulary-przeciwsloneczne-z-filtrem-polaryzacyjnym-pilotki-lustrzanki,https://okulary.pl/wp-content/uploads/2022/11/181_1.jpg,"OKULARY PRZECIWSŁONECZNE GOYA Z FILTREM POLARYZACYJNYM I UV400 Soczewki okularów GOYA o grubości 1,1 wyposażone są w filtr polaryzacyjny oraz filtr ochronny UV-400 (UV-A, UV-B, UV-C) OKULARY POSIADAJĄ CERTYFIKAT CE. Produkt odpowiada Wytycznej Europejskiej 89/686/EWG zgodnie z normą PN-EN ISO 12312-1:2014-02/A1:2016-01. Każda para okularów posiada oryginalne oznaczenia znajdujące się na wewnętrznej stronie zauszników ; logo producenta, numer modelu, kategoria filtra oraz oznaczenie CE. O POLARYZACJI: Soczewki polaryzacyjne neutralizują oślepiające refleksy, powstające wówczas gdy światło odbija się od mokrej drogi, powierzchni wody lub śniegu. Eliminacja światła odbitego zwiększ kontrast widzenia i pozwala na bardziej komfortowe widzenie. Dlatego okulary z filtrem polaryzacyjnym to idealne rozwiązanie do wszelkiego rodzaju aktywności na świeżym powietrzu, pozwalające pełniej korzystać z życia. ZALETY: Eliminują oślepiające odblaski, zmniejszając zmęczenie oczu Chronią przed szkodliwym promieniowaniem UV Zwiększają kontrast w"
243871,G 2615 C1,Denia,City,Goya G 2615 C1,,129,90.3,129.0,399,Korekcyjne,Unisex,Prostokątne,Tworzywo,nie,"Brązowy, Czarny, Zielony",,instock,0,GOYA okulary korekcyjne - G 2615 C1,goya-okulary-korekcyjne-g-2615-c1,https://goya-eight.vercel.app/okulary/goya-okulary-korekcyjne-g-2615-c1,https://okulary.pl/wp-content/uploads/2022/11/584_4.jpg,"OKULARY KOREKCYJNE GOYA G 2615 C1 Produkt nowy - posiadają oryginalne zabezpieczenia, metkę oraz instrukcję użytkowania, dodatkowo w zestawie twarde etui na zawias sprężynowy Marki GOYA oraz miękką ściereczkę czyszczącą. NASZE PRODUKTY WYSYŁAMY BARDZO DOBRZE ZABEZPIECZONE W FOLIĘ TRANSPORTOWĄ I ZAPAKOWANE W WYTRZYMAŁY KARTONIK"
239041,G 55T001,Deriva,City,,G 55T001 CZ; G 55T001 GR; G 55T001 BR,119,83.3,,399,Przeciwsłoneczne,Męskie,Nerdy,Tworzywo,tak,"Brązowy, Czarny, Grafitowy","Brązowy, Czarny",instock,41,GOYA okulary przeciwsłoneczne z filtrem polaryzacyjnym - G 55T001,okulary-przeciwsloneczne-polaryzacyjne-dla-kierowcow-goya-g-55t001-cz,https://goya-eight.vercel.app/okulary/okulary-przeciwsloneczne-polaryzacyjne-dla-kierowcow-goya-g-55t001-cz,https://okulary.pl/wp-content/uploads/2023/02/1615_2.jpg,"OKULARY PRZECIWSŁONECZNE DLA KIEROWCÓW GOYA Z FILTREM POLARYZACYJNYM I UV400 Zauszniki oprawek wykonane z aluminium - co sprawia, że okulary są bardzo lekkie i wytrzymałe. Soczewki okularów GOYA o grubości 1,1 wyposażone są w filtr polaryzacyjny oraz filtr ochronny UV-400 (UV-A, UV-B, UV-C) OPRAWKA WYKONANA W TECHNOLOGII TR-90 Wysokiej jakości odmiana nylonu, wyjątkowo odporna na rozciąganie i wyginanie. Materiał wytrzymały na uderzenia, elastyczny, przyjemny w dotyku, o właściwościach antyalergicznych. Okulary wykonane z TR-90 są lekkie, wytrzymałe i wygodne w użytkowaniu. ZAUSZNIKI POŁĄCZONE Z OPRAWKĄ SYSTEMEM FLEX: FLEX - elastyczne połączenie zausznika z frontem oprawy. Zwiększony zakres odchylenia zausznika do ponad 110° gwarantuje wygodę noszenia i ułatwia zakładanie oraz zdejmowanie okularów. OKULARY POSIADAJĄ CERTYFIKAT CE. Produkt odpowiada Wytycznej Europejskiej 89/686/EWG zgodnie z normą PN-EN ISO 12312-1:2014-02/A1:2016-01. Każda para okularów posiada oryginalne oznaczenia znajdujące się na wewnętrznej stronie zauszników ; logo p"
337482,G 55054 CZ,Destello,Coast,G 55054 CZ - C1,,179,125.3,179.0,499,Przeciwsłoneczne,Damskie,Aviator,Metal,tak,Czarny,Szary,instock,10,GOYA okulary przeciwsłoneczne z filtrem polaryzacyjnym - G 55054 CZ,goya-okulary-przeciwsloneczne-z-filtrem-polaryzacyjnym-g-55054-cz,https://goya-eight.vercel.app/okulary/goya-okulary-przeciwsloneczne-z-filtrem-polaryzacyjnym-g-55054-cz,https://okulary.pl/wp-content/uploads/2025/02/G_55054_CZ_A.jpg,"OKULARY PRZECIWSŁONECZNE DLA KIEROWCÓW GOYA Z FILTREM POLARYZACYJNYM I UV400 Oprawki wykonane w całości z aluminium - co sprawia, że okulary są bardzo lekkie i wytrzymałe. Soczewki okularów GOYA o grubości 1,1 wyposażone są w filtr polaryzacyjny oraz filtr ochronny UV-400 (UV-A, UV-B, UV-C) ZAUSZNIKI POŁĄCZONE Z OPRAWKĄ SYSTEMEM FLEX: FLEX - elastyczne połączenie zausznika z frontem oprawy. Zwiększony zakres odchylenia zausznika do ponad 110° gwarantuje wygodę noszenia i ułatwia zakładanie oraz zdejmowanie okularów. OKULARY POSIADAJĄ CERTYFIKAT CE. Produkt odpowiada Wytycznej Europejskiej 89/686/EWG zgodnie z normą PN-EN ISO 12312-1:2014-02/A1:2016-01. Każda para okularów posiada oryginalne oznaczenia znajdujące się na wewnętrznej stronie zauszników ; logo producenta, numer modelu, kategoria filtra oraz oznaczenie CE. O POLARYZACJI: Soczewki polaryzacyjne neutralizują oślepiające refleksy, powstające wówczas gdy światło odbija się od mokrej drogi, powierzchni wody lub śniegu. Eliminacja światła odbitego zwiększ kontrast widzenia i pozwala"
243968,G 2717 C4,Diva,City,Goya G 2717 C4,,109,76.3,109.0,349,Korekcyjne,Damskie,Prostokątne,Tworzywo,nie,Czerwony,,instock,1,GOYA okulary korekcyjne - G 2717 C4,goya-okulary-korekcyjne-g-2717-c4,https://goya-eight.vercel.app/okulary/goya-okulary-korekcyjne-g-2717-c4,https://okulary.pl/wp-content/uploads/2022/11/618_4.jpg,"OKULARY KOREKCYJNE GOYA G 2717 C4 Produkt nowy - posiadają oryginalne zabezpieczenia, metkę oraz instrukcję użytkowania, dodatkowo w zestawie twarde etui na zawias sprężynowy Marki GOYA oraz miękką ściereczkę czyszczącą. NASZE PRODUKTY WYSYŁAMY BARDZO DOBRZE ZABEZPIECZONE W FOLIĘ TRANSPORTOWĄ I ZAPAKOWANE W WYTRZYMAŁY KARTONIK"
244429,G 93305,Duende,Weekend,,Goya G 93305 C2; Goya G 93305 C3,119,83.3,,399,Korekcyjne,Dziecięce,Prostokątne,Tworzywo,nie,"Granatowy, Różowy",,instock,0,GOYA okulary korekcyjne - G 93305,goya-okulary-korekcyjne-g-93305-c2,https://goya-eight.vercel.app/okulary/goya-okulary-korekcyjne-g-93305-c2,https://okulary.pl/wp-content/uploads/2022/11/694_4.jpg,"OKULARY KOREKCYJNE GOYA G 93305 Produkt nowy - posiadają oryginalne zabezpieczenia, metkę oraz instrukcję użytkowania, dodatkowo w zestawie twarde etui na zawias sprężynowy Marki GOYA oraz miękką ściereczkę czyszczącą. NASZE PRODUKTY WYSYŁAMY BARDZO DOBRZE ZABEZPIECZONE W FOLIĘ TRANSPORTOWĄ I ZAPAKOWANE W WYTRZYMAŁY KARTONIK"
245901,G 166 GR,Duero,City,GOYA G 166 GR,,149,104.3,149.0,449,Przeciwsłoneczne,Męskie,Owalne,Metal,tak,Grafitowy,Czarny,outofstock,7,GOYA okulary przeciwsłoneczne z filtrem polaryzacyjnym - G 166 GR,goya-g-166-gr-okulary-przeciwsloneczne-z-filtrem-polaryzacyjnym,https://goya-eight.vercel.app/okulary/goya-g-166-gr-okulary-przeciwsloneczne-z-filtrem-polaryzacyjnym,https://okulary.pl/wp-content/uploads/2022/11/3168_1.jpg,"OKULARY PRZECIWSŁONECZNE DLA KIEROWCÓW GOYA Z FILTREM POLARYZACYJNYM I UV400 Soczewki okularów GOYA o grubości 1,1 wyposażone są w filtr polaryzacyjny oraz filtr ochronny UV-400 (UV-A, UV-B, UV-C) ZAUSZNIKI POŁĄCZONE Z OPRAWKĄ SYSTEMEM FLEX: FLEX - elastyczne połączenie zausznika z frontem oprawy. Zwiększony zakres odchylenia zausznika do ponad 110° gwarantuje wygodę noszenia i ułatwia zakładanie oraz zdejmowanie okularów. OKULARY POSIADAJĄ CERTYFIKAT CE. Produkt odpowiada Wytycznej Europejskiej 89/686/EWG zgodnie z normą PN-EN ISO 12312-1:2014-02/A1:2016-01. Każda para okularów posiada oryginalne oznaczenia znajdujące się na wewnętrznej stronie zauszników ; logo producenta, numer modelu, kategoria filtra oraz oznaczenie CE. O POLARYZACJI: Soczewki polaryzacyjne neutralizują oślepiające refleksy, powstające wówczas gdy światło odbija się od mokrej drogi, powierzchni wody lub śniegu. Eliminacja światła odbitego zwiększ kontrast widzenia i pozwala na bardziej komfortowe widzenie. Dlatego okulary z filtrem polaryzacyjnym to idealne rozwiązanie do wsz"
244063,LA 9910 C4,Dulce,City,Goya LA 9910 C4,,129,90.3,129.0,399,Korekcyjne,Damskie,Prostokątne,Tworzywo,nie,"Czarny, Czerwony, Fioletowy, Złoty",,instock,0,GOYA okulary korekcyjne - LA 9910 C4,goya-okulary-korekcyjne-la-9910-c4,https://goya-eight.vercel.app/okulary/goya-okulary-korekcyjne-la-9910-c4,https://okulary.pl/wp-content/uploads/2022/11/643_4.jpg,"OKULARY KOREKCYJNE GOYA LA 9910 C4 Produkt nowy - posiadają oryginalne zabezpieczenia, metkę oraz instrukcję użytkowania, dodatkowo w zestawie twarde etui na zawias sprężynowy Marki GOYA oraz miękką ściereczkę czyszczącą. NASZE PRODUKTY WYSYŁAMY BARDZO DOBRZE ZABEZPIECZONE W FOLIĘ TRANSPORTOWĄ I ZAPAKOWANE W WYTRZYMAŁY KARTONIK"
253763,G 201 CZ,Duna,Drive,G 201 CZ,,149,104.3,149.0,449,Przeciwsłoneczne,Męskie,Sportowe,Tworzywo,tak,Czarny,Czarny,instock,7,GOYA okulary przeciwsłoneczne z filtrem polaryzacyjnym - G 201 CZ,goya-okulary-przeciwsloneczne-z-filtrem-polaryzacyjnym-g-201-cz,https://goya-eight.vercel.app/okulary/goya-okulary-przeciwsloneczne-z-filtrem-polaryzacyjnym-g-201-cz,https://okulary.pl/wp-content/uploads/2023/02/G-201-CZ-A.jpg,"OKULARY PRZECIWSŁONECZNE DLA KIEROWCÓW GOYA Z FILTREM POLARYZACYJNYM I UV400 Soczewki okularów GOYA o grubości 1,1 wyposażone są w filtr polaryzacyjny oraz filtr ochronny UV-400 (UV-A, UV-B, UV-C) OPRAWKA WYKONANA W TECHNOLOGII TR-90 Wysokiej jakości odmiana nylonu, wyjątkowo odporna na rozciąganie i wyginanie. Materiał wytrzymały na uderzenia, elastyczny, przyjemny w dotyku, o właściwościach antyalergicznych. Okulary wykonane z TR-90 są lekkie, wytrzymałe i wygodne w użytkowaniu. OKULARY POSIADAJĄ CERTYFIKAT CE. Produkt odpowiada Wytycznej Europejskiej 89/686/EWG zgodnie z normą PN-EN ISO 12312-1:2014-02/A1:2016-01. Każda para okularów posiada oryginalne oznaczenia znajdujące się na wewnętrznej stronie zauszników ; logo producenta, numer modelu, kategoria filtra oraz oznaczenie CE. O POLARYZACJI: Soczewki polaryzacyjne neutralizują oślepiające refleksy, powstające wówczas gdy światło odbija się od mokrej drogi, powierzchni wody lub śniegu. Eliminacja światła odbitego zwiększ kontrast widzenia i pozwala na bardziej komfortowe widzenie. Dlatego oku"
253125,G 153,Ebro,Weekend,,GOYA G 153 S A; GOYA G 153 GR B,129,90.3,,399,Przeciwsłoneczne,Męskie,Pozostałe,Tworzywo,tak,"Czarny, Srebrny",Czarny,instock,1,GOYA okulary przeciwsłoneczne z filtrem polaryzacyjnym - G 153,goya-okulary-przeciwsloneczne-z-filtrem-polaryzacyjnym-g-153,https://goya-eight.vercel.app/okulary/goya-okulary-przeciwsloneczne-z-filtrem-polaryzacyjnym-g-153,https://okulary.pl/wp-content/uploads/2023/01/3184_1.jpg,"OKULARY PRZECIWSŁONECZNE GOYA Z FILTREM POLARYZACYJNYM I UV400 Soczewki okularów GOYA o grubości 1,1 wyposażone są w filtr polaryzacyjny oraz filtr ochronny UV-400 (UV-A, UV-B, UV-C) OPRAWKA WYKONANA W TECHNOLOGII TR-90 Wysokiej jakości odmiana nylonu, wyjątkowo odporna na rozciąganie i wyginanie. Materiał wytrzymały na uderzenia, elastyczny, przyjemny w dotyku, o właściwościach antyalergicznych. Okulary wykonane z TR-90 są lekkie, wytrzymałe i wygodne w użytkowaniu. OKULARY POSIADAJĄ CERTYFIKAT CE. Produkt odpowiada Wytycznej Europejskiej 89/686/EWG zgodnie z normą PN-EN ISO 12312-1:2014-02/A1:2016-01. Każda para okularów posiada oryginalne oznaczenia znajdujące się na wewnętrznej stronie zauszników ; logo producenta, numer modelu, kategoria filtra oraz oznaczenie CE. O POLARYZACJI: Soczewki polaryzacyjne neutralizują oślepiające refleksy, powstające wówczas gdy światło odbija się od mokrej drogi, powierzchni wody lub śniegu. Eliminacja światła odbitego zwiększ kontrast widzenia i pozwala na bardziej komfortowe widzenie. Dlatego okulary z filt"
243836,G 1014 C8,Errante,City,Goya G 1014 C8,,129,90.3,129.0,399,Korekcyjne,Męskie,Prostokątne,Metal,nie,"Czarny, Niebieski",,instock,5,GOYA okulary korekcyjne - G 1014 C8,goya-okulary-korekcyjne-g-1014-c8,https://goya-eight.vercel.app/okulary/goya-okulary-korekcyjne-g-1014-c8,https://okulary.pl/wp-content/uploads/2022/11/575_4.jpg,"OKULARY KOREKCYJNE GOYA G 1014 C8 Produkt nowy - posiadają oryginalne zabezpieczenia, metkę oraz instrukcję użytkowania, dodatkowo w zestawie twarde etui na zawias sprężynowy Marki GOYA oraz miękką ściereczkę czyszczącą. NASZE PRODUKTY WYSYŁAMY BARDZO DOBRZE ZABEZPIECZONE W FOLIĘ TRANSPORTOWĄ I ZAPAKOWANE W WYTRZYMAŁY KARTONIK"
244290,G 93205,Esmeralda,Coast,,Goya G 93205 C1; Goya G 93205 C4; Goya G 93205 C2,159,111.3,,449,Korekcyjne,Damskie,Kocie,Tworzywo,nie,"Brązowy, Czarny, Fioletowy",,instock,1,GOYA okulary korekcyjne - G 93205,goya-okulary-korekcyjne-g-93205-c1,https://goya-eight.vercel.app/okulary/goya-okulary-korekcyjne-g-93205-c1,https://okulary.pl/wp-content/uploads/2022/11/665_4.jpg,"OKULARY KOREKCYJNE GOYA G 93205 Produkt nowy - posiadają oryginalne zabezpieczenia, metkę oraz instrukcję użytkowania, dodatkowo w zestawie twarde etui na zawias sprężynowy Marki GOYA oraz miękką ściereczkę czyszczącą. NASZE PRODUKTY WYSYŁAMY BARDZO DOBRZE ZABEZPIECZONE W FOLIĘ TRANSPORTOWĄ I ZAPAKOWANE W WYTRZYMAŁY KARTONIK"
243886,okulary korekcyjne G 2619 C4,Espliego,City,Goya G 2619 C4,,119,83.3,119.0,399,Korekcyjne,Damskie,Prostokątne,Tworzywo,nie,"Czarny, Szary",,instock,0,GOYA okulary korekcyjne G 2619 C4,goya-okulary-korekcyjne-g-2619-c4,https://goya-eight.vercel.app/okulary/goya-okulary-korekcyjne-g-2619-c4,https://okulary.pl/wp-content/uploads/2022/11/GOYA-2619-C4-prof.jpg,"OKULARY KOREKCYJNE GOYA G 2619 C4 Produkt nowy ! - posiadają oryginalne zabezpieczenia, metkę oraz instrukcję użytkowania, dodatkowo w zestawie twarde etui na zawias sprężynowy Marki GOYA oraz miękką ściereczkę czyszczącą. NASZE PRODUKTY SĄ BARDZO DOBRZE ZABEZPIECZONE W FOLIĘ TRANSPORTOWĄ I ZAPAKOWANE W WYTRZYMAŁY KARTONIK"
243929,okulary korekcyjne G 2714 C4,Estrella,City,Goya G 2714 C4,,109,76.3,109.0,349,Korekcyjne,Damskie,Prostokątne,Tworzywo,nie,Granatowy,,instock,0,GOYA okulary korekcyjne G 2714 C4,goya-okulary-korekcyjne-g-2714-c4,https://goya-eight.vercel.app/okulary/goya-okulary-korekcyjne-g-2714-c4,https://okulary.pl/wp-content/uploads/2022/11/575_6.jpg,"OKULARY KOREKCYJNE GOYA G 2714 C4 Produkt nowy ! - posiadają oryginalne zabezpieczenia, metkę oraz instrukcję użytkowania, dodatkowo w zestawie twarde etui na zawias sprężynowy Marki GOYA oraz miękką ściereczkę czyszczącą. NASZE PRODUKTY SĄ BARDZO DOBRZE ZABEZPIECZONE W FOLIĘ TRANSPORTOWĄ I ZAPAKOWANE W WYTRZYMAŁY KARTONIK"
334688,G 55012 GR,Faro,City,G 55012 GR - C2,,179,125.3,179.0,499,Przeciwsłoneczne,Męskie,Nerdy,Metal,tak,"Grafitowy, Szary",Szary,instock,2,GOYA okulary przeciwsłoneczne z filtrem polaryzacyjnym - G 55012 GR,goya-okulary-przeciwsloneczne-z-filtrem-polaryzacyjnym-g-55012-gr,https://goya-eight.vercel.app/okulary/goya-okulary-przeciwsloneczne-z-filtrem-polaryzacyjnym-g-55012-gr,https://okulary.pl/wp-content/uploads/2025/01/G_55012_GR_A.jpg,"OKULARY PRZECIWSŁONECZNE DLA KIEROWCÓW GOYA Z FILTREM POLARYZACYJNYM I UV400 Zausznik wykonane w całości z aluminium - co sprawia, że okulary są bardzo lekkie i wytrzymałe. Soczewki okularów GOYA o grubości 1,1 wyposażone są w filtr polaryzacyjny oraz filtr ochronny UV-400 (UV-A, UV-B, UV-C) ZAUSZNIKI POŁĄCZONE Z OPRAWKĄ SYSTEMEM FLEX: FLEX - elastyczne połączenie zausznika z frontem oprawy. Zwiększony zakres odchylenia zausznika do ponad 110° gwarantuje wygodę noszenia i ułatwia zakładanie oraz zdejmowanie okularów. OKULARY POSIADAJĄ CERTYFIKAT CE. Produkt odpowiada Wytycznej Europejskiej 89/686/EWG zgodnie z normą PN-EN ISO 12312-1:2014-02/A1:2016-01. Każda para okularów posiada oryginalne oznaczenia znajdujące się na wewnętrznej stronie zauszników ; logo producenta, numer modelu, kategoria filtra oraz oznaczenie CE. O POLARYZACJI: Soczewki polaryzacyjne neutralizują oślepiające refleksy, powstające wówczas gdy światło odbija się od mokrej drogi, powierzchni wody lub śniegu. Eliminacja światła odbitego zwiększ kontrast widzenia i pozwala"
256054,CP 806639,Feria,Coast,,GOYA CP 806639 BR; GOYA CP 806639 ZL; GOYA CP 806639 CZ,179,125.3,,499,Przeciwsłoneczne,Unisex,Aviator,Metal,tak,"Brązowy, Czarny, Złoty","Brązowy, Czarny",instock,6,GOYA okulary przeciwsłoneczne z filtrem polaryzacyjnym - GOYA CP 806639,goya-okulary-przeciwsloneczne-z-filtrem-polaryzacyjnym-goya-cp-806639,https://goya-eight.vercel.app/okulary/goya-okulary-przeciwsloneczne-z-filtrem-polaryzacyjnym-goya-cp-806639,https://okulary.pl/wp-content/uploads/2023/04/GOYA-CP806639-BR-A.jpg,"OKULARY PRZECIWSŁONECZNE DLA KIEROWCÓW GOYA Z FILTREM POLARYZACYJNYM I UV400 Soczewki okularów GOYA o grubości 1,1 wyposażone są w filtr polaryzacyjny oraz filtr ochronny UV-400 (UV-A, UV-B, UV-C) OKULARY POSIADAJĄ CERTYFIKAT CE. Produkt odpowiada Wytycznej Europejskiej 89/686/EWG zgodnie z normą PN-EN ISO 12312-1:2014-02/A1:2016-01. Każda para okularów posiada oryginalne oznaczenia znajdujące się na wewnętrznej stronie zauszników ; logo producenta, numer modelu, kategoria filtra oraz oznaczenie CE. O POLARYZACJI: Soczewki polaryzacyjne neutralizują oślepiające refleksy, powstające wówczas gdy światło odbija się od mokrej drogi, powierzchni wody lub śniegu. Eliminacja światła odbitego zwiększ kontrast widzenia i pozwala na bardziej komfortowe widzenie. Dlatego okulary z filtrem polaryzacyjnym to idealne rozwiązanie do wszelkiego rodzaju aktywności na świeżym powietrzu, pozwalające pełniej korzystać z życia. ZALETY: Eliminują oślepiające odblaski, zmniejszając zmęczenie oczu Chronią przed szkodliwym promieniowaniem UV Zwięk"
255981,PG 3026,Fiesta,Coast,,GOYA PG 3026 P; GOYA PG 3026 F; GOYA PG 3026 Z; GOYA PG 3026 R,179,125.3,,499,Przeciwsłoneczne,Unisex,Aviator,Metal,tak,"Srebrny, Złoty","Czerwony, Fioletowy, Pomarańczowy, Różowy, Zielony",instock,28,GOYA okulary przeciwsłoneczne z filtrem polaryzacyjnym - GOYA PG 3026,goya-okulary-przeciwsloneczne-z-filtrem-polaryzacyjnym-goya-pg-3026,https://goya-eight.vercel.app/okulary/goya-okulary-przeciwsloneczne-z-filtrem-polaryzacyjnym-goya-pg-3026,https://okulary.pl/wp-content/uploads/2023/04/GOYA-PG3026-P-A.jpg,"OKULARY PRZECIWSŁONECZNE DLA KIEROWCÓW GOYA Z FILTREM POLARYZACYJNYM I UV400 Soczewki okularów GOYA o grubości 1,1 wyposażone są w filtr polaryzacyjny oraz filtr ochronny UV-400 (UV-A, UV-B, UV-C) SOCZEWKA ANTYREFLEKS: Warstwa antyrefleksu znacznie zwiększa wartość użytkową okularów, gdyż przepuszcza przez powierzchnię soczewki okularowej więcej światła niż odbija. Dzięki tej powłoce w znacznym stopniu zredukowane zostają wszelkie odblaski. Antyrefleks poprawia również odwzorowanie barw i poprawia kontrast widzenia. Dodatkowym plusem powłoki antyrefleksyjnej jest ochrona soczewki przez zarysowaniami. OKULARY POSIADAJĄ CERTYFIKAT CE. Produkt odpowiada Wytycznej Europejskiej 89/686/EWG zgodnie z normą PN-EN ISO 12312-1:2014-02/A1:2016-01. Każda para okularów posiada oryginalne oznaczenia znajdujące się na wewnętrznej stronie zauszników ; logo producenta, numer modelu, kategoria filtra oraz oznaczenie CE. O POLARYZACJI: Soczewki polaryzacyjne neutralizują oślepiające refleksy, powstające wówczas gdy światło odbija się od mokrej drogi, powierzchni wod"
243881,G 2603 C1,Flor,Coast,Goya G 2603 C1,,129,90.3,129.0,399,Korekcyjne,Damskie,Kocie,Tworzywo,nie,"Czarny, Zielony",,instock,0,GOYA okulary korekcyjne - G 2603 C1,goya-okulary-korekcyjne-g-2603-c1,https://goya-eight.vercel.app/okulary/goya-okulary-korekcyjne-g-2603-c1,https://okulary.pl/wp-content/uploads/2022/11/586_3.jpg,"OKULARY KOREKCYJNE GOYA G 2603 C1 Produkt nowy - posiadają oryginalne zabezpieczenia, metkę oraz instrukcję użytkowania, dodatkowo w zestawie twarde etui na zawias sprężynowy Marki GOYA oraz miękką ściereczkę czyszczącą. NASZE PRODUKTY WYSYŁAMY BARDZO DOBRZE ZABEZPIECZONE W FOLIĘ TRANSPORTOWĄ I ZAPAKOWANE W WYTRZYMAŁY KARTONIK"
243989,G 89083,Formentera,City,,Goya G 89083 C1; Goya G 89083 C4; Goya G 89083 C5,159,111.3,,449,Korekcyjne,Unisex,Kwadratowe,Tworzywo,nie,"Czarny, Granatowy, Niebieski, Szary",,instock,0,GOYA okulary korekcyjne - G 89083,goya-okulary-korekcyjne-g-89083-c1,https://goya-eight.vercel.app/okulary/goya-okulary-korekcyjne-g-89083-c1,https://okulary.pl/wp-content/uploads/2022/11/624_4.jpg,"OKULARY KOREKCYJNE GOYA G 89083 Produkt nowy - posiadają oryginalne zabezpieczenia, metkę oraz instrukcję użytkowania, dodatkowo w zestawie twarde etui na zawias sprężynowy Marki GOYA oraz miękką ściereczkę czyszczącą. NASZE PRODUKTY WYSYŁAMY BARDZO DOBRZE ZABEZPIECZONE W FOLIĘ TRANSPORTOWĄ I ZAPAKOWANE W WYTRZYMAŁY KARTONIK"
245019,G 55010,Fresno,Coast,,G 55010 BR; G 55010 GR; G 55010 CZ,149,104.3,,449,Przeciwsłoneczne,Męskie,Aviator,Metal,tak,"Brązowy, Czarny, Grafitowy","Brązowy, Czarny",instock,5,GOYA okulary przeciwsłoneczne z filtrem polaryzacyjnym - G 55010,goya-g-55010-br-okulary-przeciwsloneczne-z-filtrem-polaryzacyjnym,https://goya-eight.vercel.app/okulary/goya-g-55010-br-okulary-przeciwsloneczne-z-filtrem-polaryzacyjnym,https://okulary.pl/wp-content/uploads/2022/11/2449_1.jpg,"OKULARY PRZECIWSŁONECZNE DLA KIEROWCÓW GOYA Z FILTREM POLARYZACYJNYM I UV400 Oprawki wykonane w całości z aluminium - co sprawia, że okulary są bardzo lekkie i wytrzymałe. Soczewki okularów GOYA o grubości 1,1 wyposażone są w filtr polaryzacyjny oraz filtr ochronny UV-400 (UV-A, UV-B, UV-C) ZAUSZNIKI POŁĄCZONE Z OPRAWKĄ SYSTEMEM FLEX: FLEX - elastyczne połączenie zausznika z frontem oprawy. Zwiększony zakres odchylenia zausznika do ponad 110° gwarantuje wygodę noszenia i ułatwia zakładanie oraz zdejmowanie okularów. OKULARY POSIADAJĄ CERTYFIKAT CE. Produkt odpowiada Wytycznej Europejskiej 89/686/EWG zgodnie z normą PN-EN ISO 12312-1:2014-02/A1:2016-01. Każda para okularów posiada oryginalne oznaczenia znajdujące się na wewnętrznej stronie zauszników ; logo producenta, numer modelu, kategoria filtra oraz oznaczenie CE. O POLARYZACJI: Soczewki polaryzacyjne neutralizują oślepiające refleksy, powstające wówczas gdy światło odbija się od mokrej drogi, powierzchni wody lub śniegu. Eliminacja światła odbitego zwiększ kontrast widzenia i pozwala"
253166,G 160,Frigiliana,City,,Goya G 160 CZ A; Goya G 160 BR B; Goya G 160 ZX C,149,104.3,,449,Przeciwsłoneczne,Unisex,Owalne,Tworzywo,tak,"Brązowy, Czarny, Transparentny","Brązowy, Czarny",instock,3,GOYA okulary przeciwsłoneczne z filtrem polaryzacyjnym - G 160,goya-okulary-przeciwsloneczne-z-filtrem-polaryzacyjnym-g-160,https://goya-eight.vercel.app/okulary/goya-okulary-przeciwsloneczne-z-filtrem-polaryzacyjnym-g-160,https://okulary.pl/wp-content/uploads/2022/11/3177_1.jpg,"OKULARY PRZECIWSŁONECZNE DLA KIEROWCÓW GOYA Z FILTREM POLARYZACYJNYM I UV400 Oprawka wykonana w technologii - wycinania z płyty. Ręcznie obrabiana. Soczewki okularów GOYA o grubości 1,1 wyposażone są w filtr polaryzacyjny oraz filtr ochronny UV-400 (UV-A, UV-B, UV-C) OKULARY POSIADAJĄ CERTYFIKAT CE. Produkt odpowiada Wytycznej Europejskiej 89/686/EWG zgodnie z normą PN-EN ISO 12312-1:2014-02/A1:2016-01. Każda para okularów posiada oryginalne oznaczenia znajdujące się na wewnętrznej stronie zauszników ; logo producenta, numer modelu, kategoria filtra oraz oznaczenie CE. O POLARYZACJI: Soczewki polaryzacyjne neutralizują oślepiające refleksy, powstające wówczas gdy światło odbija się od mokrej drogi, powierzchni wody lub śniegu. Eliminacja światła odbitego zwiększ kontrast widzenia i pozwala na bardziej komfortowe widzenie. Dlatego okulary z filtrem polaryzacyjnym to idealne rozwiązanie do wszelkiego rodzaju aktywności na świeżym powietrzu, pozwalające pełniej korzystać z życia. ZALETY: Eliminują oślepiające odblaski, zmniejszaj"
337493,G 55054 GR,Fulgor,Coast,G 55054 GR - C2,,179,125.3,179.0,499,Przeciwsłoneczne,Damskie,Aviator,Metal,tak,"Grafitowy, Szary",Szary,instock,2,GOYA okulary przeciwsłoneczne z filtrem polaryzacyjnym - G 55054 GR,goya-okulary-przeciwsloneczne-z-filtrem-polaryzacyjnym-g-55054-gr,https://goya-eight.vercel.app/okulary/goya-okulary-przeciwsloneczne-z-filtrem-polaryzacyjnym-g-55054-gr,https://okulary.pl/wp-content/uploads/2025/02/G_55054_GR_A.jpg,"OKULARY PRZECIWSŁONECZNE DLA KIEROWCÓW GOYA Z FILTREM POLARYZACYJNYM I UV400 Oprawki wykonane w całości z aluminium - co sprawia, że okulary są bardzo lekkie i wytrzymałe. Soczewki okularów GOYA o grubości 1,1 wyposażone są w filtr polaryzacyjny oraz filtr ochronny UV-400 (UV-A, UV-B, UV-C) ZAUSZNIKI POŁĄCZONE Z OPRAWKĄ SYSTEMEM FLEX: FLEX - elastyczne połączenie zausznika z frontem oprawy. Zwiększony zakres odchylenia zausznika do ponad 110° gwarantuje wygodę noszenia i ułatwia zakładanie oraz zdejmowanie okularów. OKULARY POSIADAJĄ CERTYFIKAT CE. Produkt odpowiada Wytycznej Europejskiej 89/686/EWG zgodnie z normą PN-EN ISO 12312-1:2014-02/A1:2016-01. Każda para okularów posiada oryginalne oznaczenia znajdujące się na wewnętrznej stronie zauszników ; logo producenta, numer modelu, kategoria filtra oraz oznaczenie CE. O POLARYZACJI: Soczewki polaryzacyjne neutralizują oślepiające refleksy, powstające wówczas gdy światło odbija się od mokrej drogi, powierzchni wody lub śniegu. Eliminacja światła odbitego zwiększ kontrast widzenia i pozwala"
244045,GK 7078,Gala,Coast,,Goya GK 7078 C1; Goya GK 7078 C5,129,90.3,,399,Korekcyjne,Damskie,Kocie,Metal,nie,"Biały, Czarny, Złoty",,instock,2,GOYA okulary korekcyjne - GK 7078,goya-okulary-korekcyjne-gk-7078-c1,https://goya-eight.vercel.app/okulary/goya-okulary-korekcyjne-gk-7078-c1,https://okulary.pl/wp-content/uploads/2022/11/637_4.jpg,"OKULARY KOREKCYJNE GOYA GK 7078 Produkt nowy - posiadają oryginalne zabezpieczenia, metkę oraz instrukcję użytkowania, dodatkowo w zestawie twarde etui na zawias sprężynowy Marki GOYA oraz miękką ściereczkę czyszczącą. NASZE PRODUKTY WYSYŁAMY BARDZO DOBRZE ZABEZPIECZONE W FOLIĘ TRANSPORTOWĄ I ZAPAKOWANE W WYTRZYMAŁY KARTONIK"
245561,G 193 CZ,Getaria,City,GOYA G 193 CZ,,149,104.3,149.0,449,Przeciwsłoneczne,Unisex,Prostokątne,Tworzywo,tak,Czarny,Czarny,instock,2,GOYA okulary przeciwsłoneczne z filtrem polaryzacyjnym - G 193 CZ,goya-g-193-cz-okulary-przeciwsloneczne-z-filtrem-polaryzacyjnym,https://goya-eight.vercel.app/okulary/goya-g-193-cz-okulary-przeciwsloneczne-z-filtrem-polaryzacyjnym,https://okulary.pl/wp-content/uploads/2022/11/3130_1.jpg,"OKULARY PRZECIWSŁONECZNE DLA KIEROWCÓW GOYA Z FILTREM POLARYZACYJNYM I UV400 Soczewki okularów GOYA o grubości 1,1 wyposażone są w filtr polaryzacyjny oraz filtr ochronny UV-400 (UV-A, UV-B, UV-C) OKULARY POSIADAJĄ CERTYFIKAT CE. Produkt odpowiada Wytycznej Europejskiej 89/686/EWG zgodnie z normą PN-EN ISO 12312-1:2014-02/A1:2016-01. Każda para okularów posiada oryginalne oznaczenia znajdujące się na wewnętrznej stronie zauszników ; logo producenta, numer modelu, kategoria filtra oraz oznaczenie CE. O POLARYZACJI: Soczewki polaryzacyjne neutralizują oślepiające refleksy, powstające wówczas gdy światło odbija się od mokrej drogi, powierzchni wody lub śniegu. Eliminacja światła odbitego zwiększ kontrast widzenia i pozwala na bardziej komfortowe widzenie. Dlatego okulary z filtrem polaryzacyjnym to idealne rozwiązanie do wszelkiego rodzaju aktywności na świeżym powietrzu, pozwalające pełniej korzystać z życia. ZALETY: Eliminują oślepiające odblaski, zmniejszając zmęczenie oczu Chronią przed szkodliwym promieniowaniem UV Zwiększ"
244056,LF 81209 C4,Gracia,City,Goya LF 81209 C4,,99,69.3,99.0,349,Korekcyjne,Damskie,Prostokątne,Tworzywo,nie,Niebieski,,instock,0,GOYA okulary korekcyjne - LF 81209 C4,goya-okulary-korekcyjne-lf-81209-c4,https://goya-eight.vercel.app/okulary/goya-okulary-korekcyjne-lf-81209-c4,https://okulary.pl/wp-content/uploads/2022/11/575_6.jpg,"OKULARY KOREKCYJNE GOYA LF 81209 C4 Produkt nowy ! - posiadają oryginalne zabezpieczenia, metkę oraz instrukcję użytkowania, dodatkowo w zestawie twarde etui na zawias sprężynowy Marki GOYA oraz miękką ściereczkę czyszczącą. NASZE PRODUKTY SĄ BARDZO DOBRZE ZABEZPIECZONE W FOLIĘ TRANSPORTOWĄ I ZAPAKOWANE W WYTRZYMAŁY KARTONIK"
245540,G 190 CZ,Grana,Coast,GOYA G 190 CZ,,149,104.3,149.0,449,Przeciwsłoneczne,Damskie,Muchy,Tworzywo,tak,Czarny,Czarny,instock,6,GOYA okulary przeciwsłoneczne z filtrem polaryzacyjnym - G 190 CZ,goya-g-190-cz-okulary-przeciwsloneczne-z-filtrem-polaryzacyjnym,https://goya-eight.vercel.app/okulary/goya-g-190-cz-okulary-przeciwsloneczne-z-filtrem-polaryzacyjnym,https://okulary.pl/wp-content/uploads/2022/11/3128_1.jpg,"OKULARY PRZECIWSŁONECZNE DLA KIEROWCÓW GOYA Z FILTREM POLARYZACYJNYM I UV400 Soczewki okularów GOYA o grubości 1,1 wyposażone są w filtr polaryzacyjny oraz filtr ochronny UV-400 (UV-A, UV-B, UV-C) OKULARY POSIADAJĄ CERTYFIKAT CE. Produkt odpowiada Wytycznej Europejskiej 89/686/EWG zgodnie z normą PN-EN ISO 12312-1:2014-02/A1:2016-01. Każda para okularów posiada oryginalne oznaczenia znajdujące się na wewnętrznej stronie zauszników ; logo producenta, numer modelu, kategoria filtra oraz oznaczenie CE. O POLARYZACJI: Soczewki polaryzacyjne neutralizują oślepiające refleksy, powstające wówczas gdy światło odbija się od mokrej drogi, powierzchni wody lub śniegu. Eliminacja światła odbitego zwiększ kontrast widzenia i pozwala na bardziej komfortowe widzenie. Dlatego okulary z filtrem polaryzacyjnym to idealne rozwiązanie do wszelkiego rodzaju aktywności na świeżym powietrzu, pozwalające pełniej korzystać z życia. ZALETY: Eliminują oślepiające odblaski, zmniejszając zmęczenie oczu Chronią przed szkodliwym promieniowaniem UV Zwiększ"
245226,G 55042,Halcón,City,,G 55042 GR; G 55042 CZ; G 55042 BR,149,104.3,,449,Przeciwsłoneczne,Męskie,Kwadratowe,Metal,tak,"Brązowy, Czarny, Grafitowy","Brązowy, Czarny",instock,10,GOYA okulary przeciwsłoneczne z filtrem polaryzacyjnym - G 55042,goya-g-55042-br-okulary-przeciwsloneczne-z-filtrem-polaryzacyjnym,https://goya-eight.vercel.app/okulary/goya-g-55042-br-okulary-przeciwsloneczne-z-filtrem-polaryzacyjnym,https://okulary.pl/wp-content/uploads/2022/11/2465_1.jpg,"OKULARY PRZECIWSŁONECZNE DLA KIEROWCÓW GOYA Z FILTREM POLARYZACYJNYM I UV400 Zauszniki oprawek wykonane z aluminium - co sprawia, że okulary są bardzo lekkie i wytrzymałe. Soczewki okularów GOYA o grubości 1,1 wyposażone są w filtr polaryzacyjny oraz filtr ochronny UV-400 (UV-A, UV-B, UV-C) ZAUSZNIKI POŁĄCZONE Z OPRAWKĄ SYSTEMEM FLEX: FLEX - elastyczne połączenie zausznika z frontem oprawy. Zwiększony zakres odchylenia zausznika do ponad 110° gwarantuje wygodę noszenia i ułatwia zakładanie oraz zdejmowanie okularów. OKULARY POSIADAJĄ CERTYFIKAT CE. Produkt odpowiada Wytycznej Europejskiej 89/686/EWG zgodnie z normą PN-EN ISO 12312-1:2014-02/A1:2016-01. Każda para okularów posiada oryginalne oznaczenia znajdujące się na wewnętrznej stronie zauszników ; logo producenta, numer modelu, kategoria filtra oraz oznaczenie CE. O POLARYZACJI: Soczewki polaryzacyjne neutralizują oślepiające refleksy, powstające wówczas gdy światło odbija się od mokrej drogi, powierzchni wody lub śniegu. Eliminacja światła odbitego zwiększ kontrast widzenia i pozwala na"
245765,G 180 GR,Hidalgo,City,GOYA G 180 GR,,149,104.3,149.0,449,Przeciwsłoneczne,Męskie,Prostokątne,Metal,tak,Grafitowy,Czarny,outofstock,1,GOYA okulary przeciwsłoneczne z filtrem polaryzacyjnym - G 180 GR,goya-g-180-gr-okulary-przeciwsloneczne-z-filtrem-polaryzacyjnym-kopia,https://goya-eight.vercel.app/okulary/goya-g-180-gr-okulary-przeciwsloneczne-z-filtrem-polaryzacyjnym-kopia,https://okulary.pl/wp-content/uploads/2022/11/3153_6.jpg,"OKULARY PRZECIWSŁONECZNE DLA KIEROWCÓW GOYA Z FILTREM POLARYZACYJNYM I UV400 Soczewki okularów GOYA o grubości 1,1 wyposażone są w filtr polaryzacyjny oraz filtr ochronny UV-400 (UV-A, UV-B, UV-C) OKULARY POSIADAJĄ CERTYFIKAT CE. Produkt odpowiada Wytycznej Europejskiej 89/686/EWG zgodnie z normą PN-EN ISO 12312-1:2014-02/A1:2016-01. Każda para okularów posiada oryginalne oznaczenia znajdujące się na wewnętrznej stronie zauszników ; logo producenta, numer modelu, kategoria filtra oraz oznaczenie CE. O POLARYZACJI: Soczewki polaryzacyjne neutralizują oślepiające refleksy, powstające wówczas gdy światło odbija się od mokrej drogi, powierzchni wody lub śniegu. Eliminacja światła odbitego zwiększ kontrast widzenia i pozwala na bardziej komfortowe widzenie. Dlatego okulary z filtrem polaryzacyjnym to idealne rozwiązanie do wszelkiego rodzaju aktywności na świeżym powietrzu, pozwalające pełniej korzystać z życia. ZALETY: Eliminują oślepiające odblaski, zmniejszając zmęczenie oczu Chronią przed szkodliwym promieniowaniem UV Zwięk"
244590,G1835 C3,Ibiza,Coast,GOYA G1835 C3,,109,76.3,109.0,349,Przeciwsłoneczne,Unisex,Aviator,Metal,tak,Czarny,Brązowy,outofstock,3,GOYA okulary przeciwsłoneczne z filtrem polaryzacyjnym - G1835 C3,goya-g1835-c3-okulary-przeciwsloneczne-z-filtrem-polaryzacyjnym,https://goya-eight.vercel.app/okulary/goya-g1835-c3-okulary-przeciwsloneczne-z-filtrem-polaryzacyjnym,https://okulary.pl/wp-content/uploads/2022/11/968_6.jpg,"OKULARY PRZECIWSŁONECZNE DLA KIEROWCÓW GOYA Z FILTREM POLARYZACYJNYM I UV400 Soczewki okularów GOYA o grubości 1,1 wyposażone są w filtr polaryzacyjny oraz filtr ochronny UV-400 (UV-A, UV-B, UV-C) OPRAWKA WYKONANA W TECHNOLOGII TR-90 Wysokiej jakości odmiana nylonu, wyjątkowo odporna na rozciąganie i wyginanie. Materiał wytrzymały na uderzenia, elastyczny, przyjemny w dotyku, o właściwościach antyalergicznych. Okulary wykonane z TR-90 są lekkie, wytrzymałe i wygodne w użytkowaniu. ZAUSZNIKI POŁĄCZONE Z OPRAWKĄ SYSTEMEM FLEX: FLEX - elastyczne połączenie zausznika z frontem oprawy. Zwiększony zakres odchylenia zausznika do ponad 110° gwarantuje wygodę noszenia i ułatwia zakładanie oraz zdejmowanie okularów. OKULARY POSIADAJĄ CERTYFIKAT CE. Produkt odpowiada Wytycznej Europejskiej 89/686/EWG zgodnie z normą PN-EN ISO 12312-1:2014-02/A1:2016-01. Każda para okularów posiada oryginalne oznaczenia znajdujące się na wewnętrznej stronie zauszników ; logo producenta, numer modelu, kategoria filtra oraz oznaczenie CE. O POLARYZACJI: Soczewki pol"
244255,T 1013 C6,Jade,Weekend,Goya T 1013 C6,,129,90.3,129.0,399,Korekcyjne,Damskie,Okrągłe,Metal,nie,"Czarny, Granatowy, Srebrny",,instock,1,GOYA okulary korekcyjne - T 1013 C6,goya-okulary-korekcyjne-t-1013-c6,https://goya-eight.vercel.app/okulary/goya-okulary-korekcyjne-t-1013-c6,https://okulary.pl/wp-content/uploads/2022/11/658_4.jpg,"OKULARY KOREKCYJNE GOYA T 1013 C6 Produkt nowy - posiadają oryginalne zabezpieczenia, metkę oraz instrukcję użytkowania, dodatkowo w zestawie twarde etui na zawias sprężynowy Marki GOYA oraz miękką ściereczkę czyszczącą. NASZE PRODUKTY WYSYŁAMY BARDZO DOBRZE ZABEZPIECZONE W FOLIĘ TRANSPORTOWĄ I ZAPAKOWANE W WYTRZYMAŁY KARTONIK"
243903,okulary korekcyjne G 2635 C4,Jara,Coast,Goya G 2635 C4,,109,76.3,109.0,349,Korekcyjne,Damskie,Kocie,Tworzywo,nie,"Fioletowy, Niebieski, Szylkret",,instock,0,GOYA okulary korekcyjne G 2635 C4,goya-okulary-korekcyjne-g-2635-c4,https://goya-eight.vercel.app/okulary/goya-okulary-korekcyjne-g-2635-c4,https://okulary.pl/wp-content/uploads/2022/11/575_6.jpg,"OKULARY KOREKCYJNE GOYA G 2635 C4 Produkt nowy ! - posiadają oryginalne zabezpieczenia, metkę oraz instrukcję użytkowania, dodatkowo w zestawie twarde etui na zawias sprężynowy Marki GOYA oraz miękką ściereczkę czyszczącą. NASZE PRODUKTY SĄ BARDZO DOBRZE ZABEZPIECZONE W FOLIĘ TRANSPORTOWĄ I ZAPAKOWANE W WYTRZYMAŁY KARTONIK"
238105,G 55004 CZ,Jazmín,Coast,G 55004 CZ - C1,,179,125.3,179.0,499,Przeciwsłoneczne,Damskie,Aviator,Metal,tak,Czarny,Szary,instock,18,GOYA okulary przeciwsłoneczne z filtrem polaryzacyjnym - G 55004 CZ,okulary-przeciwsloneczne-polaryzacyjne-dla-kierowcow-pilotki-goya-g-55004-cz,https://goya-eight.vercel.app/okulary/okulary-przeciwsloneczne-polaryzacyjne-dla-kierowcow-pilotki-goya-g-55004-cz,https://okulary.pl/wp-content/uploads/2022/03/prof-298.jpeg,"OKULARY PRZECIWSŁONECZNE DLA KIEROWCÓW GOYA Z FILTREM POLARYZACYJNYM I UV400 Oprawki wykonane w całości z aluminium - co sprawia, że okulary są bardzo lekkie i wytrzymałe. Soczewki okularów GOYA o grubości 1,1 wyposażone są w filtr polaryzacyjny oraz filtr ochronny UV-400 (UV-A, UV-B, UV-C) ZAUSZNIKI POŁĄCZONE Z OPRAWKĄ SYSTEMEM FLEX: FLEX - elastyczne połączenie zausznika z frontem oprawy. Zwiększony zakres odchylenia zausznika do ponad 110° gwarantuje wygodę noszenia i ułatwia zakładanie oraz zdejmowanie okularów. OKULARY POSIADAJĄ CERTYFIKAT CE. Produkt odpowiada Wytycznej Europejskiej 89/686/EWG zgodnie z normą PN-EN ISO 12312-1:2014-02/A1:2016-01. Każda para okularów posiada oryginalne oznaczenia znajdujące się na wewnętrznej stronie zauszników ; logo producenta, numer modelu, kategoria filtra oraz oznaczenie CE. O POLARYZACJI: Soczewki polaryzacyjne neutralizują oślepiające refleksy, powstające wówczas gdy światło odbija się od mokrej drogi, powierzchni wody lub śniegu. Eliminacja światła odbitego zwiększ kontrast widzenia i pozwala"
243973,G 89087 C3,Jávea,Weekend,Goya G 89087 C3,,159,111.3,159.0,449,Korekcyjne,Unisex,Okrągłe,Tworzywo,nie,"Czarny, Granatowy",,instock,0,GOYA okulary korekcyjne - G 89087 C3,goya-okulary-korekcyjne-g-89087-c3,https://goya-eight.vercel.app/okulary/goya-okulary-korekcyjne-g-89087-c3,https://okulary.pl/wp-content/uploads/2022/11/619_4.jpg,"OKULARY KOREKCYJNE GOYA G 89087 C3 Produkt nowy - posiadają oryginalne zabezpieczenia, metkę oraz instrukcję użytkowania, dodatkowo w zestawie twarde etui na zawias sprężynowy Marki GOYA oraz miękką ściereczkę czyszczącą. NASZE PRODUKTY WYSYŁAMY BARDZO DOBRZE ZABEZPIECZONE W FOLIĘ TRANSPORTOWĄ I ZAPAKOWANE W WYTRZYMAŁY KARTONIK"
243913,G 2659 C1,Laurel,City,Goya G 2659 C1,,109,76.3,109.0,349,Korekcyjne,Damskie,Prostokątne,Tworzywo,nie,"Biały, Czarny",,instock,0,GOYA okulary korekcyjne - G 2659 C1,goya-okulary-korekcyjne-g-2659-c1,https://goya-eight.vercel.app/okulary/goya-okulary-korekcyjne-g-2659-c1,https://okulary.pl/wp-content/uploads/2022/11/603_4.jpg,"OKULARY KOREKCYJNE GOYA G 2659 C1 Produkt nowy - posiadają oryginalne zabezpieczenia, metkę oraz instrukcję użytkowania, dodatkowo w zestawie twarde etui na zawias sprężynowy Marki GOYA oraz miękką ściereczkę czyszczącą. NASZE PRODUKTY WYSYŁAMY BARDZO DOBRZE ZABEZPIECZONE W FOLIĘ TRANSPORTOWĄ I ZAPAKOWANE W WYTRZYMAŁY KARTONIK"
243885,G 2622 C1,Lavanda,City,Goya G 2622 C1,,109,76.3,109.0,349,Korekcyjne,Damskie,Prostokątne,Tworzywo,nie,"Czarny, Różowy",,instock,0,GOYA okulary korekcyjne - G 2622 C1,goya-okulary-korekcyjne-g-2622-c1,https://goya-eight.vercel.app/okulary/goya-okulary-korekcyjne-g-2622-c1,https://okulary.pl/wp-content/uploads/2022/11/590_3.jpg,"OKULARY KOREKCYJNE GOYA G 2622 C1 Produkt nowy - posiadają oryginalne zabezpieczenia, metkę oraz instrukcję użytkowania, dodatkowo w zestawie twarde etui na zawias sprężynowy Marki GOYA oraz miękką ściereczkę czyszczącą. NASZE PRODUKTY WYSYŁAMY BARDZO DOBRZE ZABEZPIECZONE W FOLIĘ TRANSPORTOWĄ I ZAPAKOWANE W WYTRZYMAŁY KARTONIK"
245865,G 171,Levante,Weekend,,Goya G 171 ZX; Goya G 171 BR; Goya G 171 CZ,149,104.3,,449,Przeciwsłoneczne,Damskie,Pozostałe,Tworzywo,tak,"Brązowy, Czarny, Żółty","Brązowy, Czarny",instock,19,GOYA okulary przeciwsłoneczne z filtrem polaryzacyjnym - G 171,goya-g-171-zx-okulary-przeciwsloneczne-z-filtrem-polaryzacyjnym,https://goya-eight.vercel.app/okulary/goya-g-171-zx-okulary-przeciwsloneczne-z-filtrem-polaryzacyjnym,https://okulary.pl/wp-content/uploads/2022/11/3163_1.jpg,"OKULARY PRZECIWSŁONECZNE DLA KIEROWCÓW GOYA Z FILTREM POLARYZACYJNYM I UV400 Oprawka wykonana w technologii - wycinania z płyty. Ręcznie obrabiana. Soczewki okularów GOYA o grubości 1,1 wyposażone są w filtr polaryzacyjny oraz filtr ochronny UV-400 (UV-A, UV-B, UV-C) OKULARY POSIADAJĄ CERTYFIKAT CE. Produkt odpowiada Wytycznej Europejskiej 89/686/EWG zgodnie z normą PN-EN ISO 12312-1:2014-02/A1:2016-01. Każda para okularów posiada oryginalne oznaczenia znajdujące się na wewnętrznej stronie zauszników ; logo producenta, numer modelu, kategoria filtra oraz oznaczenie CE. O POLARYZACJI: Soczewki polaryzacyjne neutralizują oślepiające refleksy, powstające wówczas gdy światło odbija się od mokrej drogi, powierzchni wody lub śniegu. Eliminacja światła odbitego zwiększ kontrast widzenia i pozwala na bardziej komfortowe widzenie. Dlatego okulary z filtrem polaryzacyjnym to idealne rozwiązanie do wszelkiego rodzaju aktywności na świeżym powietrzu, pozwalające pełniej korzystać z życia. ZALETY: Eliminują oślepiające odblaski, zmniejszaj"
253966,G 21609,Libre,Coast,,GOYA G 21609 CZ; GOYA G 21609 S; GOYA G 21609 BR,149,104.3,,449,Przeciwsłoneczne,Unisex,Aviator,Metal,tak,"Srebrny, Złoty","Brązowy, Czarny, Srebrny",instock,21,GOYA okulary przeciwsłoneczne z filtrem polaryzacyjnym - G 21609,goya-okulary-przeciwsloneczne-z-filtrem-polaryzacyjnym-g-21609,https://goya-eight.vercel.app/okulary/goya-okulary-przeciwsloneczne-z-filtrem-polaryzacyjnym-g-21609,https://okulary.pl/wp-content/uploads/2023/02/G-21609-BR-A.jpg,"OKULARY PRZECIWSŁONECZNE DLA KIEROWCÓW GOYA Z FILTREM POLARYZACYJNYM I UV400 Soczewki okularów GOYA o grubości 1,1 wyposażone są w filtr polaryzacyjny oraz filtr ochronny UV-400 (UV-A, UV-B, UV-C) OKULARY POSIADAJĄ CERTYFIKAT CE. Produkt odpowiada Wytycznej Europejskiej 89/686/EWG zgodnie z normą PN-EN ISO 12312-1:2014-02/A1:2016-01. Każda para okularów posiada oryginalne oznaczenia znajdujące się na wewnętrznej stronie zauszników ; logo producenta, numer modelu, kategoria filtra oraz oznaczenie CE. O POLARYZACJI: Soczewki polaryzacyjne neutralizują oślepiające refleksy, powstające wówczas gdy światło odbija się od mokrej drogi, powierzchni wody lub śniegu. Eliminacja światła odbitego zwiększ kontrast widzenia i pozwala na bardziej komfortowe widzenie. Dlatego okulary z filtrem polaryzacyjnym to idealne rozwiązanie do wszelkiego rodzaju aktywności na świeżym powietrzu, pozwalające pełniej korzystać z życia. ZALETY: Eliminują oślepiające odblaski, zmniejszając zmęczenie oczu Chronią przed szkodliwym promieniowaniem UV Zwię"
243876,G 2611 C2,Lila,Coast,Goya G 2611 C2,,129,90.3,129.0,399,Korekcyjne,Damskie,Kocie,Tworzywo,nie,"Czarny, Czerwony",,instock,1,GOYA okulary korekcyjne - G 2611 C2,goya-okulary-korekcyjne-g-2611-c2,https://goya-eight.vercel.app/okulary/goya-okulary-korekcyjne-g-2611-c2,https://okulary.pl/wp-content/uploads/2022/11/585_4.jpg,"OKULARY KOREKCYJNE GOYA G 2611 C2 Produkt nowy - posiadają oryginalne zabezpieczenia, metkę oraz instrukcję użytkowania, dodatkowo w zestawie twarde etui na zawias sprężynowy Marki GOYA oraz miękką ściereczkę czyszczącą. NASZE PRODUKTY WYSYŁAMY BARDZO DOBRZE ZABEZPIECZONE W FOLIĘ TRANSPORTOWĄ I ZAPAKOWANE W WYTRZYMAŁY KARTONIK"
245250,G 9496,Lince,City,,G 9496 BR; G 9496 GR; G 9496 CZ,149,104.3,,449,Przeciwsłoneczne,Męskie,Nerdy,Metal,tak,"Brązowy, Czarny, Grafitowy","Brązowy, Czarny",instock,32,GOYA okulary przeciwsłoneczne z filtrem polaryzacyjnym - G 9496,goya-g-g-9496-br-okulary-przeciwsloneczne-z-filtrem-polaryzacyjnym,https://goya-eight.vercel.app/okulary/goya-g-g-9496-br-okulary-przeciwsloneczne-z-filtrem-polaryzacyjnym,https://okulary.pl/wp-content/uploads/2022/11/2467_1.jpg,"OKULARY PRZECIWSŁONECZNE DLA KIEROWCÓW GOYA Z FILTREM POLARYZACYJNYM I UV400 Oprawki wykonane w całości z aluminium - co sprawia, że okulary są bardzo lekkie i wytrzymałe. Soczewki okularów GOYA o grubości 1,1 wyposażone są w filtr polaryzacyjny oraz filtr ochronny UV-400 (UV-A, UV-B, UV-C) ZAUSZNIKI POŁĄCZONE Z OPRAWKĄ SYSTEMEM FLEX: FLEX - elastyczne połączenie zausznika z frontem oprawy. Zwiększony zakres odchylenia zausznika do ponad 110° gwarantuje wygodę noszenia i ułatwia zakładanie oraz zdejmowanie okularów. OKULARY POSIADAJĄ CERTYFIKAT CE. Produkt odpowiada Wytycznej Europejskiej 89/686/EWG zgodnie z normą PN-EN ISO 12312-1:2014-02/A1:2016-01. Każda para okularów posiada oryginalne oznaczenia znajdujące się na wewnętrznej stronie zauszników ; logo producenta, numer modelu, kategoria filtra oraz oznaczenie CE. O POLARYZACJI: Soczewki polaryzacyjne neutralizują oślepiające refleksy, powstające wówczas gdy światło odbija się od mokrej drogi, powierzchni wody lub śniegu. Eliminacja światła odbitego zwiększ kontrast widzenia i pozwala na"
243963,G 2740,Lira,City,,Goya G 2740 C4; Goya G 2740 C2,109,76.3,,349,Korekcyjne,Damskie,Prostokątne,Tworzywo,nie,"Brązowy, Czerwony, Fioletowy, Różowy, Żółty",,instock,2,GOYA okulary korekcyjne - G 2740,goya-okulary-korekcyjne-g-2740-c2,https://goya-eight.vercel.app/okulary/goya-okulary-korekcyjne-g-2740-c2,https://okulary.pl/wp-content/uploads/2022/11/617_4.jpg,"OKULARY KOREKCYJNE GOYA G 2740 Produkt nowy - posiadają oryginalne zabezpieczenia, metkę oraz instrukcję użytkowania, dodatkowo w zestawie twarde etui na zawias sprężynowy Marki GOYA oraz miękką ściereczkę czyszczącą. NASZE PRODUKTY WYSYŁAMY BARDZO DOBRZE ZABEZPIECZONE W FOLIĘ TRANSPORTOWĄ I ZAPAKOWANE W WYTRZYMAŁY KARTONIK"
244376,G 95544 C3,Llanes,Coast,Goya G 95544 C3,,179,125.3,179.0,499,Korekcyjne,Unisex,Aviator,Metal,nie,"Granatowy, Srebrny",,instock,0,GOYA okulary korekcyjne - G 95544 C3,goya-okulary-korekcyjne-g-95544-c3,https://goya-eight.vercel.app/okulary/goya-okulary-korekcyjne-g-95544-c3,https://okulary.pl/wp-content/uploads/2022/11/678_4.jpg,"OKULARY KOREKCYJNE GOYA G 95544 C3 Produkt nowy - posiadają oryginalne zabezpieczenia, metkę oraz instrukcję użytkowania, dodatkowo w zestawie twarde etui na zawias sprężynowy Marki GOYA oraz miękką ściereczkę czyszczącą. NASZE PRODUKTY WYSYŁAMY BARDZO DOBRZE ZABEZPIECZONE W FOLIĘ TRANSPORTOWĄ I ZAPAKOWANE W WYTRZYMAŁY KARTONIK"
253071,G 148,Lucero,Weekend,,Goya G 148 ZX B; Goya G 148 CZ C,149,104.3,,449,Przeciwsłoneczne,Damskie,Pozostałe,Tworzywo,tak,"Brązowy, Czarny","Brązowy, Czarny",instock,8,GOYA okulary przeciwsłoneczne z filtrem polaryzacyjnym - G 148,goya-okulary-przeciwsloneczne-z-filtrem-polaryzacyjnym-g-148,https://goya-eight.vercel.app/okulary/goya-okulary-przeciwsloneczne-z-filtrem-polaryzacyjnym-g-148,https://okulary.pl/wp-content/uploads/2023/01/3191_1.jpg,"OKULARY PRZECIWSŁONECZNE DLA KIEROWCÓW GOYA Z FILTREM POLARYZACYJNYM I UV400 Oprawka wykonana w technologii - wycinania z płyty. Ręcznie obrabiana. Soczewki okularów GOYA o grubości 1,1 wyposażone są w filtr polaryzacyjny oraz filtr ochronny UV-400 (UV-A, UV-B, UV-C) OKULARY POSIADAJĄ CERTYFIKAT CE. Produkt odpowiada Wytycznej Europejskiej 89/686/EWG zgodnie z normą PN-EN ISO 12312-1:2014-02/A1:2016-01. Każda para okularów posiada oryginalne oznaczenia znajdujące się na wewnętrznej stronie zauszników ; logo producenta, numer modelu, kategoria filtra oraz oznaczenie CE. O POLARYZACJI: Soczewki polaryzacyjne neutralizują oślepiające refleksy, powstające wówczas gdy światło odbija się od mokrej drogi, powierzchni wody lub śniegu. Eliminacja światła odbitego zwiększ kontrast widzenia i pozwala na bardziej komfortowe widzenie. Dlatego okulary z filtrem polaryzacyjnym to idealne rozwiązanie do wszelkiego rodzaju aktywności na świeżym powietrzu, pozwalające pełniej korzystać z życia. ZALETY: Eliminują oślepiające odblaski, zmniejszaj"
421549,okulary przeciwsłoneczne z filtrem UV- G 1000 BR,Lumbre,City,G1000BR,,79,55.3,79.0,349,Przeciwsłoneczne,Damskie,Prostokątne,Tworzywo,nie,"Beżowy, Brązowy",Brązowy,instock,0,GOYA okulary przeciwsłoneczne z filtrem UV- G 1000 BR,goya-okulary-przeciwsloneczne-z-filtrem-uv-g-1000-br,https://goya-eight.vercel.app/okulary/goya-okulary-przeciwsloneczne-z-filtrem-uv-g-1000-br,https://okulary.pl/wp-content/uploads/2026/04/goya_A.jpg,"OKULARY PRZECIWSŁONECZNE GOYA Z FILTREM UV400 Oprawka wykonana w technologii - wycinania z płyty. Ręcznie obrabiana. Soczewki okularów GOYA o grubości 1,1 wyposażone są w filtr ochronny UV-400 (UV-A, UV-B, UV-C) OKULARY POSIADAJĄ CERTYFIKAT CE. Produkt odpowiada Wytycznej Europejskiej 89/686/EWG zgodnie z normą PN-EN ISO 12312-1:2014-02/A1:2016-01. Każda para okularów posiada oryginalne oznaczenia znajdujące się na wewnętrznej stronie zauszników ; logo producenta, numer modelu, kategoria filtra oraz oznaczenie CE. ZALETY: Eliminują oślepiające odblaski, zmniejszając zmęczenie oczu Chronią przed szkodliwym promieniowaniem UV Zwiększają kontrast widzenia Idealne rozwiązanie dla osób wrażliwych na światło Niezastąpione dla osób uprawiających sporty wodne, łowiących ryby, grających w golfa, jeżdżących samochodem i na nartach Produkt nowy! - posiadają oryginalne zabezpieczenia, metkę oraz instrukcję użytkowania, dodatkowo w zestawie twarde etui oraz miękkie etui czyszczące (ściereczko-etui). GRATIS! NASZE PROD"
243924,G 2716 C1,Luna,City,Goya G 2716 C1,,109,76.3,109.0,349,Korekcyjne,Damskie,Prostokątne,Tworzywo,nie,"Czarny, Szary",,instock,0,GOYA okulary korekcyjne - G 2716 C1,goya-okulary-korekcyjne-g-2716-c1,https://goya-eight.vercel.app/okulary/goya-okulary-korekcyjne-g-2716-c1,https://okulary.pl/wp-content/uploads/2022/11/606_4.jpg,"OKULARY KOREKCYJNE GOYA G 2716 C1 Produkt nowy - posiadają oryginalne zabezpieczenia, metkę oraz instrukcję użytkowania, dodatkowo w zestawie twarde etui na zawias sprężynowy Marki GOYA oraz miękką ściereczkę czyszczącą. NASZE PRODUKTY WYSYŁAMY BARDZO DOBRZE ZABEZPIECZONE W FOLIĘ TRANSPORTOWĄ I ZAPAKOWANE W WYTRZYMAŁY KARTONIK"
256193,A 0711,Luz,City,,GOYA A 0711 BR; GOYA A 0711 CZ,179,125.3,,499,Przeciwsłoneczne,Damskie,Kwadratowe,Metal,tak,"Brązowy, Srebrny, Szary, Transparentny","Brązowy, Czarny",instock,20,GOYA okulary przeciwsłoneczne z filtrem polaryzacyjnym - GOYA A 0711,goya-okulary-przeciwsloneczne-z-filtrem-polaryzacyjnym-goya-a-0711,https://goya-eight.vercel.app/okulary/goya-okulary-przeciwsloneczne-z-filtrem-polaryzacyjnym-goya-a-0711,https://okulary.pl/wp-content/uploads/2023/04/3518_1.jpg,"OKULARY PRZECIWSŁONECZNE GOYA Z FILTREM POLARYZACYJNYM I UV400 Soczewki okularów GOYA o grubości 1,1 wyposażone są w filtr polaryzacyjny oraz filtr ochronny UV-400 (UV-A, UV-B, UV-C) OKULARY POSIADAJĄ CERTYFIKAT CE. Produkt odpowiada Wytycznej Europejskiej 89/686/EWG zgodnie z normą PN-EN ISO 12312-1:2014-02/A1:2016-01. Każda para okularów posiada oryginalne oznaczenia znajdujące się na wewnętrznej stronie zauszników ; logo producenta, numer modelu, kategoria filtra oraz oznaczenie CE. O POLARYZACJI: Soczewki polaryzacyjne neutralizują oślepiające refleksy, powstające wówczas gdy światło odbija się od mokrej drogi, powierzchni wody lub śniegu. Eliminacja światła odbitego zwiększ kontrast widzenia i pozwala na bardziej komfortowe widzenie. Dlatego okulary z filtrem polaryzacyjnym to idealne rozwiązanie do wszelkiego rodzaju aktywności na świeżym powietrzu, pozwalające pełniej korzystać z życia. ZALETY: Eliminują oślepiające odblaski, zmniejszając zmęczenie oczu Chronią przed szkodliwym promieniowaniem UV Zwiększają kontras"
243868,G 2618 C4,Magnolia,City,Goya G 2618 C4,,119,83.3,119.0,399,Korekcyjne,Damskie,Prostokątne,Tworzywo,nie,"Czarny, Niebieski",,instock,0,GOYA okulary korekcyjne - G 2618 C4,goya-okulary-korekcyjne-g-2618-c4,https://goya-eight.vercel.app/okulary/goya-okulary-korekcyjne-g-2618-c4,https://okulary.pl/wp-content/uploads/2022/11/581_4.jpg,"OKULARY KOREKCYJNE GOYA G 2618 C4 Produkt nowy - posiadają oryginalne zabezpieczenia, metkę oraz instrukcję użytkowania, dodatkowo w zestawie twarde etui na zawias sprężynowy Marki GOYA oraz miękką ściereczkę czyszczącą. NASZE PRODUKTY WYSYŁAMY BARDZO DOBRZE ZABEZPIECZONE W FOLIĘ TRANSPORTOWĄ I ZAPAKOWANE W WYTRZYMAŁY KARTONIK"
245673,G 186,Malaquita,Coast,,GOYA G 186 BR; Goya G 186 CZ,149,104.3,,449,Przeciwsłoneczne,Damskie,Muchy,Tworzywo,tak,"Brązowy, Czarny","Brązowy, Czarny",instock,3,GOYA okulary przeciwsłoneczne z filtrem polaryzacyjnym - G 186,goya-g-186-br-okulary-przeciwsloneczne-z-filtrem-polaryzacyjnym,https://goya-eight.vercel.app/okulary/goya-g-186-br-okulary-przeciwsloneczne-z-filtrem-polaryzacyjnym,https://okulary.pl/wp-content/uploads/2022/11/3138_6.jpg,"OKULARY PRZECIWSŁONECZNE DLA KIEROWCÓW GOYA Z FILTREM POLARYZACYJNYM I UV400 Soczewki okularów GOYA o grubości 1,1 wyposażone są w filtr polaryzacyjny oraz filtr ochronny UV-400 (UV-A, UV-B, UV-C) OPRAWKA WYKONANA W TECHNOLOGII TR-90 Wysokiej jakości odmiana nylonu, wyjątkowo odporna na rozciąganie i wyginanie. Materiał wytrzymały na uderzenia, elastyczny, przyjemny w dotyku, o właściwościach antyalergicznych. Okulary wykonane z TR-90 są lekkie, wytrzymałe i wygodne w użytkowaniu. OKULARY POSIADAJĄ CERTYFIKAT CE. Produkt odpowiada Wytycznej Europejskiej 89/686/EWG zgodnie z normą PN-EN ISO 12312-1:2014-02/A1:2016-01. Każda para okularów posiada oryginalne oznaczenia znajdujące się na wewnętrznej stronie zauszników ; logo producenta, numer modelu, kategoria filtra oraz oznaczenie CE. O POLARYZACJI: Soczewki polaryzacyjne neutralizują oślepiające refleksy, powstające wówczas gdy światło odbija się od mokrej drogi, powierzchni wody lub śniegu. Eliminacja światła odbitego zwiększ kontrast widzenia i pozwala na bardziej komfortowe widzenie. Dlatego o"
244629,G1926 C1,Mallorca,Coast,GOYA G1926 C1,,109,76.3,109.0,349,Przeciwsłoneczne,Unisex,Aviator,Metal,tak,"Czarny, Złoty",Czarny,instock,1,GOYA okulary przeciwsłoneczne z filtrem polaryzacyjnym - G1926 C1,goya-g1926-c1-okulary-przeciwsloneczne-z-filtrem-polaryzacyjnym,https://goya-eight.vercel.app/okulary/goya-g1926-c1-okulary-przeciwsloneczne-z-filtrem-polaryzacyjnym,https://okulary.pl/wp-content/uploads/2022/11/973_6.jpg,"OKULARY PRZECIWSŁONECZNE DLA KIEROWCÓW GOYA Z FILTREM POLARYZACYJNYM I UV400 Soczewki okularów GOYA o grubości 1,1 wyposażone są w filtr polaryzacyjny oraz filtr ochronny UV-400 (UV-A, UV-B, UV-C) OPRAWKA WYKONANA W TECHNOLOGII TR-90 Wysokiej jakości odmiana nylonu, wyjątkowo odporna na rozciąganie i wyginanie. Materiał wytrzymały na uderzenia, elastyczny, przyjemny w dotyku, o właściwościach antyalergicznych. Okulary wykonane z TR-90 są lekkie, wytrzymałe i wygodne w użytkowaniu. ZAUSZNIKI POŁĄCZONE Z OPRAWKĄ SYSTEMEM FLEX: FLEX - elastyczne połączenie zausznika z frontem oprawy. Zwiększony zakres odchylenia zausznika do ponad 110° gwarantuje wygodę noszenia i ułatwia zakładanie oraz zdejmowanie okularów. OKULARY POSIADAJĄ CERTYFIKAT CE. Produkt odpowiada Wytycznej Europejskiej 89/686/EWG zgodnie z normą PN-EN ISO 12312-1:2014-02/A1:2016-01. Każda para okularów posiada oryginalne oznaczenia znajdujące się na wewnętrznej stronie zauszników ; logo producenta, numer modelu, kategoria filtra oraz oznaczenie CE. O POLARYZACJI: Soczewki pol"
243870,G 2618 C1,Malva,City,Goya G 2618 C1,,119,83.3,119.0,399,Korekcyjne,Damskie,Prostokątne,Tworzywo,nie,"Czarny, Fioletowy",,instock,2,GOYA okulary korekcyjne - G 2618 C1,goya-okulary-korekcyjne-g-2618-c1,https://goya-eight.vercel.app/okulary/goya-okulary-korekcyjne-g-2618-c1,https://okulary.pl/wp-content/uploads/2022/11/583_4.jpg,"OKULARY KOREKCYJNE GOYA G 2618 C1 Produkt nowy - posiadają oryginalne zabezpieczenia, metkę oraz instrukcję użytkowania, dodatkowo w zestawie twarde etui na zawias sprężynowy Marki GOYA oraz miękką ściereczkę czyszczącą. NASZE PRODUKTY WYSYŁAMY BARDZO DOBRZE ZABEZPIECZONE W FOLIĘ TRANSPORTOWĄ I ZAPAKOWANE W WYTRZYMAŁY KARTONIK"
334538,G 55001 BR,Mar,City,G 55001 BR - C3,,179,125.3,179.0,499,Przeciwsłoneczne,Męskie,Nerdy,Metal,tak,Brązowy,Brązowy,instock,3,GOYA okulary przeciwsłoneczne z filtrem polaryzacyjnym - G 55001 BR,goya-okulary-przeciwsloneczne-z-filtrem-polaryzacyjnym-g-55001-br,https://goya-eight.vercel.app/okulary/goya-okulary-przeciwsloneczne-z-filtrem-polaryzacyjnym-g-55001-br,https://okulary.pl/wp-content/uploads/2025/01/G_55001_BR_A.jpg,"OKULARY PRZECIWSŁONECZNE DLA KIEROWCÓW GOYA Z FILTREM POLARYZACYJNYM I UV400 Zausznik wykonane w całości z aluminium - co sprawia, że okulary są bardzo lekkie i wytrzymałe. Soczewki okularów GOYA o grubości 1,1 wyposażone są w filtr polaryzacyjny oraz filtr ochronny UV-400 (UV-A, UV-B, UV-C) ZAUSZNIKI POŁĄCZONE Z OPRAWKĄ SYSTEMEM FLEX: FLEX - elastyczne połączenie zausznika z frontem oprawy. Zwiększony zakres odchylenia zausznika do ponad 110° gwarantuje wygodę noszenia i ułatwia zakładanie oraz zdejmowanie okularów. OKULARY POSIADAJĄ CERTYFIKAT CE. Produkt odpowiada Wytycznej Europejskiej 89/686/EWG zgodnie z normą PN-EN ISO 12312-1:2014-02/A1:2016-01. Każda para okularów posiada oryginalne oznaczenia znajdujące się na wewnętrznej stronie zauszników ; logo producenta, numer modelu, kategoria filtra oraz oznaczenie CE. O POLARYZACJI: Soczewki polaryzacyjne neutralizują oślepiające refleksy, powstające wówczas gdy światło odbija się od mokrej drogi, powierzchni wody lub śniegu. Eliminacja światła odbitego zwiększ kontrast widzenia i pozwala"
244458,G 96512S,Marbella,City,,Goya G 96512S C2; Goya G 96512S C3,109,76.3,,349,Przeciwsłoneczne,Unisex,Prostokątne,Tworzywo,nie,Czarny,"Czarny, Czerwony",instock,1,GOYA okulary przeciwsłoneczne - G 96512S,goya-g-96512s-c2-okulary-przeciwsloneczne,https://goya-eight.vercel.app/okulary/goya-g-96512s-c2-okulary-przeciwsloneczne,https://okulary.pl/wp-content/uploads/2022/11/692_4.jpg,"OKULARY PRZECIWSŁONECZNE MARKI GOYA OKULARY POSIADAJĄ CERTYFIKAT CE. Produkt odpowiada Wytycznej Europejskiej 89/686/EWG zgodnie z normą PN-EN ISO 12312-1:2014-02/A1:2016-01. Każda para okularów posiada oryginalne oznaczenia znajdujące się na wewnętrznej stronie zauszników ; logo producenta, numer modelu, kategoria filtra oraz oznaczenie CE. Produkt nowy - posiadają oryginalne zabezpieczenia, metkę oraz instrukcję użytkowania, dodatkowo w zestawie twarde etui na zawias sprężynowy Marki GOYA oraz miękką ściereczkę czyszczącą. NASZE PRODUKTY WYSYŁAMY BARDZO DOBRZE ZABEZPIECZONE W FOLIĘ TRANSPORTOWĄ I ZAPAKOWANE W WYTRZYMAŁY KARTONIK"
334571,G 55001 GR,Marea,City,G 55001 GR - C2,,179,125.3,179.0,499,Przeciwsłoneczne,Męskie,Nerdy,Metal,tak,"Grafitowy, Szary",Szary,instock,0,GOYA okulary przeciwsłoneczne z filtrem polaryzacyjnym - G 55001 GR,goya-okulary-przeciwsloneczne-z-filtrem-polaryzacyjnym-g-55001-gr,https://goya-eight.vercel.app/okulary/goya-okulary-przeciwsloneczne-z-filtrem-polaryzacyjnym-g-55001-gr,https://okulary.pl/wp-content/uploads/2025/01/G_55001_GR_A.jpg,"OKULARY PRZECIWSŁONECZNE DLA KIEROWCÓW GOYA Z FILTREM POLARYZACYJNYM I UV400 Zausznik wykonane w całości z aluminium - co sprawia, że okulary są bardzo lekkie i wytrzymałe. Soczewki okularów GOYA o grubości 1,1 wyposażone są w filtr polaryzacyjny oraz filtr ochronny UV-400 (UV-A, UV-B, UV-C) ZAUSZNIKI POŁĄCZONE Z OPRAWKĄ SYSTEMEM FLEX: FLEX - elastyczne połączenie zausznika z frontem oprawy. Zwiększony zakres odchylenia zausznika do ponad 110° gwarantuje wygodę noszenia i ułatwia zakładanie oraz zdejmowanie okularów. OKULARY POSIADAJĄ CERTYFIKAT CE. Produkt odpowiada Wytycznej Europejskiej 89/686/EWG zgodnie z normą PN-EN ISO 12312-1:2014-02/A1:2016-01. Każda para okularów posiada oryginalne oznaczenia znajdujące się na wewnętrznej stronie zauszników ; logo producenta, numer modelu, kategoria filtra oraz oznaczenie CE. O POLARYZACJI: Soczewki polaryzacyjne neutralizują oślepiające refleksy, powstające wówczas gdy światło odbija się od mokrej drogi, powierzchni wody lub śniegu. Eliminacja światła odbitego zwiększ kontrast widzenia i pozwala"
244363,G 94317 C2,Marfil,City,Goya G 94317 C2,,159,111.3,159.0,449,Korekcyjne,Damskie,Kwadratowe,Tworzywo,nie,"Brązowy, Różowy",,instock,1,GOYA okulary korekcyjne - G 94317 C2,goya-okulary-korekcyjne-g-94317-c2,https://goya-eight.vercel.app/okulary/goya-okulary-korekcyjne-g-94317-c2,https://okulary.pl/wp-content/uploads/2022/11/676_4.jpg,"OKULARY KOREKCYJNE GOYA G 94317 C2 Produkt nowy - posiadają oryginalne zabezpieczenia, metkę oraz instrukcję użytkowania, dodatkowo w zestawie twarde etui na zawias sprężynowy Marki GOYA oraz miękką ściereczkę czyszczącą. NASZE PRODUKTY WYSYŁAMY BARDZO DOBRZE ZABEZPIECZONE W FOLIĘ TRANSPORTOWĄ I ZAPAKOWANE W WYTRZYMAŁY KARTONIK"
253178,G 170,Marina,City,,Goya G 170 BR; Goya G 170 CZ; Goya G 170 CZ/ZX,149,104.3,,449,Przeciwsłoneczne,Damskie,Owalne,Tworzywo,tak,"Brązowy, Czarny, Fioletowy","Brązowy, Czarny",instock,6,GOYA okulary przeciwsłoneczne z filtrem polaryzacyjnym - G 170,goya-okulary-przeciwsloneczne-z-filtrem-polaryzacyjnym-g-170,https://goya-eight.vercel.app/okulary/goya-okulary-przeciwsloneczne-z-filtrem-polaryzacyjnym-g-170,https://okulary.pl/wp-content/uploads/2022/11/3167_1.jpg,"OKULARY PRZECIWSŁONECZNE DLA KIEROWCÓW GOYA Z FILTREM POLARYZACYJNYM I UV400 Oprawka wykonana w technologii - wycinania z płyty. Ręcznie obrabiana. Soczewki okularów GOYA o grubości 1,1 wyposażone są w filtr polaryzacyjny oraz filtr ochronny UV-400 (UV-A, UV-B, UV-C) OKULARY POSIADAJĄ CERTYFIKAT CE. Produkt odpowiada Wytycznej Europejskiej 89/686/EWG zgodnie z normą PN-EN ISO 12312-1:2014-02/A1:2016-01. Każda para okularów posiada oryginalne oznaczenia znajdujące się na wewnętrznej stronie zauszników ; logo producenta, numer modelu, kategoria filtra oraz oznaczenie CE. O POLARYZACJI: Soczewki polaryzacyjne neutralizują oślepiające refleksy, powstające wówczas gdy światło odbija się od mokrej drogi, powierzchni wody lub śniegu. Eliminacja światła odbitego zwiększ kontrast widzenia i pozwala na bardziej komfortowe widzenie. Dlatego okulary z filtrem polaryzacyjnym to idealne rozwiązanie do wszelkiego rodzaju aktywności na świeżym powietrzu, pozwalające pełniej korzystać z życia. ZALETY: Eliminują oślepiające odblaski, zmniejszaj"
244619,G100,Menorca,Coast,,Goya G100 C2; GOYA G100 C1,109,76.3,,349,Przeciwsłoneczne,Unisex,Aviator,Metal,tak,Złoty,"Niebieski, Pomarańczowy, Zielony",instock,9,GOYA okulary przeciwsłoneczne z filtrem polaryzacyjnym - G100,goya-g100-c1-okulary-przeciwsloneczne-z-filtrem-polaryzacyjnym,https://goya-eight.vercel.app/okulary/goya-g100-c1-okulary-przeciwsloneczne-z-filtrem-polaryzacyjnym,https://okulary.pl/wp-content/uploads/2022/11/971_3.jpg,"OKULARY PRZECIWSŁONECZNE DLA KIEROWCÓW GOYA Z FILTREM POLARYZACYJNYM I UV400 Soczewki okularów GOYA o grubości 1,1 wyposażone są w filtr polaryzacyjny oraz filtr ochronny UV-400 (UV-A, UV-B, UV-C) OPRAWKA WYKONANA W TECHNOLOGII TR-90 Wysokiej jakości odmiana nylonu, wyjątkowo odporna na rozciąganie i wyginanie. Materiał wytrzymały na uderzenia, elastyczny, przyjemny w dotyku, o właściwościach antyalergicznych. Okulary wykonane z TR-90 są lekkie, wytrzymałe i wygodne w użytkowaniu. ZAUSZNIKI POŁĄCZONE Z OPRAWKĄ SYSTEMEM FLEX: FLEX - elastyczne połączenie zausznika z frontem oprawy. Zwiększony zakres odchylenia zausznika do ponad 110° gwarantuje wygodę noszenia i ułatwia zakładanie oraz zdejmowanie okularów. OKULARY POSIADAJĄ CERTYFIKAT CE. Produkt odpowiada Wytycznej Europejskiej 89/686/EWG zgodnie z normą PN-EN ISO 12312-1:2014-02/A1:2016-01. Każda para okularów posiada oryginalne oznaczenia znajdujące się na wewnętrznej stronie zauszników ; logo producenta, numer modelu, kategoria filtra oraz oznaczenie CE. O POLARYZACJI: Soczewki pol"
243912,G 2659 C4,Menta,City,Goya G 2659 C4,,109,76.3,109.0,349,Korekcyjne,Damskie,Prostokątne,Tworzywo,nie,"Biały, Czerwony, Fioletowy",,instock,0,GOYA okulary korekcyjne - G 2659 C4,goya-okulary-korekcyjne-g-2659-c4,https://goya-eight.vercel.app/okulary/goya-okulary-korekcyjne-g-2659-c4,https://okulary.pl/wp-content/uploads/2022/11/575_6.jpg,"OKULARY KOREKCYJNE GOYA G 2659 C4 G 2659 C4 Produkt nowy - posiadają oryginalne zabezpieczenia, metkę oraz instrukcję użytkowania, dodatkowo w zestawie twarde etui na zawias sprężynowy Marki GOYA oraz miękką ściereczkę czyszczącą. NASZE PRODUKTY WYSYŁAMY BARDZO DOBRZE ZABEZPIECZONE W FOLIĘ TRANSPORTOWĄ I ZAPAKOWANE W WYTRZYMAŁY KARTONIK"
245694,G 185,Miel,Coast,,GOYA G 185 CZ; Goya G 185 ZX; Goya G 185 BR,149,104.3,,449,Przeciwsłoneczne,Damskie,Muchy,Tworzywo,tak,"Brązowy, Czarny, Transparentny","Brązowy, Czarny",instock,8,GOYA okulary przeciwsłoneczne z filtrem polaryzacyjnym - G 185,goya-g-185-cz-okulary-przeciwsloneczne-z-filtrem-polaryzacyjnym,https://goya-eight.vercel.app/okulary/goya-g-185-cz-okulary-przeciwsloneczne-z-filtrem-polaryzacyjnym,https://okulary.pl/wp-content/uploads/2022/11/3142_6.jpg,"OKULARY PRZECIWSŁONECZNE DLA KIEROWCÓW GOYA Z FILTREM POLARYZACYJNYM I UV400 Soczewki okularów GOYA o grubości 1,1 wyposażone są w filtr polaryzacyjny oraz filtr ochronny UV-400 (UV-A, UV-B, UV-C) OPRAWKA WYKONANA W TECHNOLOGII TR-90 Wysokiej jakości odmiana nylonu, wyjątkowo odporna na rozciąganie i wyginanie. Materiał wytrzymały na uderzenia, elastyczny, przyjemny w dotyku, o właściwościach antyalergicznych. Okulary wykonane z TR-90 są lekkie, wytrzymałe i wygodne w użytkowaniu. ZAUSZNIKI POŁĄCZONE Z OPRAWKĄ SYSTEMEM FLEX: FLEX - elastyczne połączenie zausznika z frontem oprawy. Zwiększony zakres odchylenia zausznika do ponad 110° gwarantuje wygodę noszenia i ułatwia zakładanie oraz zdejmowanie okularów. OKULARY POSIADAJĄ CERTYFIKAT CE. Produkt odpowiada Wytycznej Europejskiej 89/686/EWG zgodnie z normą PN-EN ISO 12312-1:2014-02/A1:2016-01. Każda para okularów posiada oryginalne oznaczenia znajdujące się na wewnętrznej stronie zauszników ; logo producenta, numer modelu, kategoria filtra oraz oznaczenie CE. O POLARYZACJI: Soczewki pola"
243884,G 2622 C2,Mirto,City,Goya G 2622 C2,,109,76.3,109.0,349,Korekcyjne,Damskie,Prostokątne,Tworzywo,nie,"Fioletowy, Transparentny",,instock,2,GOYA okulary korekcyjne - G 2622 C2,goya-okulary-korekcyjne-g-2622-c2,https://goya-eight.vercel.app/okulary/goya-okulary-korekcyjne-g-2622-c2,https://okulary.pl/wp-content/uploads/2022/11/589_4.jpg,"OKULARY KOREKCYJNE GOYA G 2622 C2 Produkt nowy - posiadają oryginalne zabezpieczenia, metkę oraz instrukcję użytkowania, dodatkowo w zestawie twarde etui na zawias sprężynowy Marki GOYA oraz miękką ściereczkę czyszczącą. NASZE PRODUKTY WYSYŁAMY BARDZO DOBRZE ZABEZPIECZONE W FOLIĘ TRANSPORTOWĄ I ZAPAKOWANE W WYTRZYMAŁY KARTONIK"
253055,G 146,Mistral,Weekend,,Goya G 146 ZX A; Goya G 146 CZ C,149,104.3,,449,Przeciwsłoneczne,Damskie,Pozostałe,Tworzywo,tak,"Brązowy, Czarny","Brązowy, Czarny",instock,2,GOYA okulary przeciwsłoneczne z filtrem polaryzacyjnym - G 146,goya-okulary-przeciwsloneczne-z-filtrem-polaryzacyjnym-g-146,https://goya-eight.vercel.app/okulary/goya-okulary-przeciwsloneczne-z-filtrem-polaryzacyjnym-g-146,https://okulary.pl/wp-content/uploads/2023/01/3194_1.jpg,"OKULARY PRZECIWSŁONECZNE DLA KIEROWCÓW GOYA Z FILTREM POLARYZACYJNYM I UV400 Oprawka wykonana w technologii - wycinania z płyty. Ręcznie obrabiana. Soczewki okularów GOYA o grubości 1,1 wyposażone są w filtr polaryzacyjny oraz filtr ochronny UV-400 (UV-A, UV-B, UV-C) OKULARY POSIADAJĄ CERTYFIKAT CE. Produkt odpowiada Wytycznej Europejskiej 89/686/EWG zgodnie z normą PN-EN ISO 12312-1:2014-02/A1:2016-01. Każda para okularów posiada oryginalne oznaczenia znajdujące się na wewnętrznej stronie zauszników ; logo producenta, numer modelu, kategoria filtra oraz oznaczenie CE. O POLARYZACJI: Soczewki polaryzacyjne neutralizują oślepiające refleksy, powstające wówczas gdy światło odbija się od mokrej drogi, powierzchni wody lub śniegu. Eliminacja światła odbitego zwiększ kontrast widzenia i pozwala na bardziej komfortowe widzenie. Dlatego okulary z filtrem polaryzacyjnym to idealne rozwiązanie do wszelkiego rodzaju aktywności na świeżym powietrzu, pozwalające pełniej korzystać z życia. ZALETY: Eliminują oślepiające odblaski, zmniejszaj"
244332,G 94411,Mojácar,Weekend,,Goya G 94411 C2; Goya G 94411 C4,199,139.3,,499,Korekcyjne,Unisex,Okrągłe,Metal,nie,"Czarny, Granatowy, Srebrny, Szary",,instock,1,GOYA okulary korekcyjne - G 94411,goya-okulary-korekcyjne-g-94411-c2,https://goya-eight.vercel.app/okulary/goya-okulary-korekcyjne-g-94411-c2,https://okulary.pl/wp-content/uploads/2022/11/672_4.jpg,"OKULARY KOREKCYJNE GOYA G 94411 Produkt nowy - posiadają oryginalne zabezpieczenia, metkę oraz instrukcję użytkowania, dodatkowo w zestawie twarde etui na zawias sprężynowy Marki GOYA oraz miękką ściereczkę czyszczącą. NASZE PRODUKTY WYSYŁAMY BARDZO DOBRZE ZABEZPIECZONE W FOLIĘ TRANSPORTOWĄ I ZAPAKOWANE W WYTRZYMAŁY KARTONIK"
245155,G 55017,Monte,Coast,,G 55017 BR; G 55017 GR; G 55017 CZ,149,104.3,,449,Przeciwsłoneczne,Męskie,Aviator,Metal,tak,"Brązowy, Czarny, Grafitowy","Brązowy, Czarny",instock,3,GOYA okulary przeciwsłoneczne z filtrem polaryzacyjnym - G 55017,goya-g-55017-br-okulary-przeciwsloneczne-z-filtrem-polaryzacyjnym,https://goya-eight.vercel.app/okulary/goya-g-55017-br-okulary-przeciwsloneczne-z-filtrem-polaryzacyjnym,https://okulary.pl/wp-content/uploads/2022/11/2457_1.jpg,"OKULARY PRZECIWSŁONECZNE DLA KIEROWCÓW GOYA Z FILTREM POLARYZACYJNYM I UV400 Zauszniki oprawek wykonane z aluminium - co sprawia, że okulary są bardzo lekkie i wytrzymałe. Soczewki okularów GOYA o grubości 1,1 wyposażone są w filtr polaryzacyjny oraz filtr ochronny UV-400 (UV-A, UV-B, UV-C) ZAUSZNIKI POŁĄCZONE Z OPRAWKĄ SYSTEMEM FLEX: FLEX - elastyczne połączenie zausznika z frontem oprawy. Zwiększony zakres odchylenia zausznika do ponad 110° gwarantuje wygodę noszenia i ułatwia zakładanie oraz zdejmowanie okularów. OKULARY POSIADAJĄ CERTYFIKAT CE. Produkt odpowiada Wytycznej Europejskiej 89/686/EWG zgodnie z normą PN-EN ISO 12312-1:2014-02/A1:2016-01. Każda para okularów posiada oryginalne oznaczenia znajdujące się na wewnętrznej stronie zauszników ; logo producenta, numer modelu, kategoria filtra oraz oznaczenie CE. O POLARYZACJI: Soczewki polaryzacyjne neutralizują oślepiające refleksy, powstające wówczas gdy światło odbija się od mokrej drogi, powierzchni wody lub śniegu. Eliminacja światła odbitego zwiększ kontrast widzenia i pozwala na"
253171,G 161,Mundaka,City,,Goya G 161 S A; Goya G 161 GR B,149,104.3,,449,Przeciwsłoneczne,Unisex,Owalne,Tworzywo,tak,"Czarny, Srebrny",Czarny,instock,2,GOYA okulary przeciwsłoneczne z filtrem polaryzacyjnym - G 161,goya-okulary-przeciwsloneczne-z-filtrem-polaryzacyjnym-g-161,https://goya-eight.vercel.app/okulary/goya-okulary-przeciwsloneczne-z-filtrem-polaryzacyjnym-g-161,https://okulary.pl/wp-content/uploads/2022/11/3175_1.jpg,"OKULARY PRZECIWSŁONECZNE DLA KIEROWCÓW GOYA Z FILTREM POLARYZACYJNYM I UV400 Oprawka wykonana w technologii - wycinania z płyty. Ręcznie obrabiana. Soczewki okularów GOYA o grubości 1,1 wyposażone są w filtr polaryzacyjny oraz filtr ochronny UV-400 (UV-A, UV-B, UV-C) OKULARY POSIADAJĄ CERTYFIKAT CE. Produkt odpowiada Wytycznej Europejskiej 89/686/EWG zgodnie z normą PN-EN ISO 12312-1:2014-02/A1:2016-01. Każda para okularów posiada oryginalne oznaczenia znajdujące się na wewnętrznej stronie zauszników ; logo producenta, numer modelu, kategoria filtra oraz oznaczenie CE. O POLARYZACJI: Soczewki polaryzacyjne neutralizują oślepiające refleksy, powstające wówczas gdy światło odbija się od mokrej drogi, powierzchni wody lub śniegu. Eliminacja światła odbitego zwiększ kontrast widzenia i pozwala na bardziej komfortowe widzenie. Dlatego okulary z filtrem polaryzacyjnym to idealne rozwiązanie do wszelkiego rodzaju aktywności na świeżym powietrzu, pozwalające pełniej korzystać z życia. ZALETY: Eliminują oślepiające odblaski, zmniejszaj"
244009,GH 5001,Musa,Coast,,Goya GH 5001 C4; Goya GH 5001 C1; Goya GH 5001 C5,159,111.3,,449,Korekcyjne,Damskie,Kocie,Metal,nie,"Czarny, Czerwony, Fioletowy, Granatowy, Złoty",,instock,4,GOYA okulary korekcyjne - GH 5001,goya-okulary-korekcyjne-gh-5001-c1,https://goya-eight.vercel.app/okulary/goya-okulary-korekcyjne-gh-5001-c1,https://okulary.pl/wp-content/uploads/2022/11/628_4.jpg,"OKULARY KOREKCYJNE GOYA GH 5001 Produkt nowy - posiadają oryginalne zabezpieczenia, metkę oraz instrukcję użytkowania, dodatkowo w zestawie twarde etui na zawias sprężynowy Marki GOYA oraz miękką ściereczkę czyszczącą. NASZE PRODUKTY WYSYŁAMY BARDZO DOBRZE ZABEZPIECZONE W FOLIĘ TRANSPORTOWĄ I ZAPAKOWANE W WYTRZYMAŁY KARTONIK"
243918,okulary korekcyjne G 2657 C2,Nardo,Coast,Goya G 2657 C2,,199,139.3,199.0,499,Korekcyjne,Damskie,Kocie,Tworzywo,nie,"Brązowy, Czarny",,instock,0,GOYA okulary korekcyjne G 2657 C2,goya-okulary-korekcyjne-g-2657-c2,https://goya-eight.vercel.app/okulary/goya-okulary-korekcyjne-g-2657-c2,https://okulary.pl/wp-content/uploads/2022/11/575_6.jpg,"OKULARY KOREKCYJNE GOYA G 2657 C2 Produkt nowy ! - posiadają oryginalne zabezpieczenia, metkę oraz instrukcję użytkowania, dodatkowo w zestawie twarde etui na zawias sprężynowy Marki GOYA oraz miękką ściereczkę czyszczącą. NASZE PRODUKTY SĄ BARDZO DOBRZE ZABEZPIECZONE W FOLIĘ TRANSPORTOWĄ I ZAPAKOWANE W WYTRZYMAŁY KARTONIK"
244103,RD 150 C4,Neblina,Coast,Goya RD 150 C4,,119,83.3,119.0,399,Korekcyjne,Damskie,Kocie,Metal,nie,"Brązowy, Żółty",,instock,1,GOYA okulary korekcyjne - RD 150 C4,goya-okulary-korekcyjne-rd-150-c4,https://goya-eight.vercel.app/okulary/goya-okulary-korekcyjne-rd-150-c4,https://okulary.pl/wp-content/uploads/2022/11/575_6.jpg,"OKULARY KOREKCYJNE GOYA RD 150 C4 Produkt nowy ! - posiadają oryginalne zabezpieczenia, metkę oraz instrukcję użytkowania, dodatkowo w zestawie twarde etui na zawias sprężynowy Marki GOYA oraz miękką ściereczkę czyszczącą. NASZE PRODUKTY SĄ BARDZO DOBRZE ZABEZPIECZONE W FOLIĘ TRANSPORTOWĄ I ZAPAKOWANE W WYTRZYMAŁY KARTONIK"
238836,G 8004,Nerja,Weekend,,G 8004 BR; G 8004 CZ,119,83.3,,399,Przeciwsłoneczne,Unisex,Pozostałe,Metal,tak,"Srebrny, Złoty","Brązowy, Czarny",instock,4,GOYA okulary przeciwsłoneczne z filtrem polaryzacyjnym - G 8004,brazowe-okulary-przeciwsloneczne-polaryzacyjne-goya-g-8004-br,https://goya-eight.vercel.app/okulary/brazowe-okulary-przeciwsloneczne-polaryzacyjne-goya-g-8004-br,https://okulary.pl/wp-content/uploads/2022/03/prof-368.jpeg,"OKULARY PRZECIWSŁONECZNE DLA KIEROWCÓW GOYA Z FILTREM POLARYZACYJNYM I UV400 Oprawka wykonana ze stopu metalu Soczewki okularów GOYA o grubości 1,1 wyposażone są w filtr polaryzacyjny oraz filtr ochronny UV-400 (UV-A, UV-B, UV-C) OKULARY POSIADAJĄ CERTYFIKAT CE. Produkt odpowiada Wytycznej Europejskiej 89/686/EWG zgodnie z normą PN-EN ISO 12312-1:2014-02/A1:2016-01. Każda para okularów posiada oryginalne oznaczenia znajdujące się na wewnętrznej stronie zauszników ; logo producenta, numer modelu, kategoria filtra oraz oznaczenie CE. O POLARYZACJI: Soczewki polaryzacyjne neutralizują oślepiające refleksy, powstające wówczas gdy światło odbija się od mokrej drogi, powierzchni wody lub śniegu. Eliminacja światła odbitego zwiększ kontrast widzenia i pozwala na bardziej komfortowe widzenie. Dlatego okulary z filtrem polaryzacyjnym to idealne rozwiązanie do wszelkiego rodzaju aktywności na świeżym powietrzu, pozwalające pełniej korzystać z życia. ZALETY: Eliminują oślepiające odblaski, zmniejszając zmęczenie oczu Chronią przed szkod"
244029,GL 6503 C3,Ninfa,Coast,Goya GL 6503 C3,,159,111.3,159.0,449,Korekcyjne,Damskie,Kocie,Tworzywo,nie,"Brązowy, Złoty",,instock,0,GOYA okulary korekcyjne - GL 6503 C3,goya-okulary-korekcyjne-gl-6503-c3,https://goya-eight.vercel.app/okulary/goya-okulary-korekcyjne-gl-6503-c3,https://okulary.pl/wp-content/uploads/2022/11/575_6.jpg,"OKULARY KOREKCYJNE GOYA GL 6503 C3 Produkt nowy ! - posiadają oryginalne zabezpieczenia, metkę oraz instrukcję użytkowania, dodatkowo w zestawie twarde etui na zawias sprężynowy Marki GOYA oraz miękką ściereczkę czyszczącą. NASZE PRODUKTY SĄ BARDZO DOBRZE ZABEZPIECZONE W FOLIĘ TRANSPORTOWĄ I ZAPAKOWANE W WYTRZYMAŁY KARTONIK"
245583,G 189,Noble,Drive,,GOYA G 189 CZM; GOYA G 189 CZ,119,83.3,,399,Przeciwsłoneczne,Męskie,Sportowe,Tworzywo,tak,"Czarny, Wielokolorowy",Czarny,instock,57,GOYA okulary przeciwsłoneczne z filtrem polaryzacyjnym - G 189,goya-g-189-czm-okulary-przeciwsloneczne-z-filtrem-polaryzacyjnym,https://goya-eight.vercel.app/okulary/goya-g-189-czm-okulary-przeciwsloneczne-z-filtrem-polaryzacyjnym,https://okulary.pl/wp-content/uploads/2022/11/3132_1.jpg,"OKULARY PRZECIWSŁONECZNE DLA KIEROWCÓW GOYA Z FILTREM POLARYZACYJNYM I UV400 Soczewki okularów GOYA o grubości 1,1 wyposażone są w filtr polaryzacyjny oraz filtr ochronny UV-400 (UV-A, UV-B, UV-C). Antyrefleks OPRAWKA WYKONANA W TECHNOLOGII TR-90 Wysokiej jakości odmiana nylonu, wyjątkowo odporna na rozciąganie i wyginanie. Materiał wytrzymały na uderzenia, elastyczny, przyjemny w dotyku, o właściwościach antyalergicznych. Okulary wykonane z TR-90 są lekkie, wytrzymałe i wygodne w użytkowaniu. OKULARY POSIADAJĄ CERTYFIKAT CE. Produkt odpowiada Wytycznej Europejskiej 89/686/EWG zgodnie z normą PN-EN ISO 12312-1:2014-02/A1:2016-01. Każda para okularów posiada oryginalne oznaczenia znajdujące się na wewnętrznej stronie zauszników ; logo producenta, numer modelu, kategoria filtra oraz oznaczenie CE. O POLARYZACJI: Soczewki polaryzacyjne neutralizują oślepiające refleksy, powstające wówczas gdy światło odbija się od mokrej drogi, powierzchni wody lub śniegu. Eliminacja światła odbitego zwiększ kontrast widzenia i pozwala na bardziej komfortowe widzen"
245801,G 175 CZ,Norte,Drive,GOYA G 175 CZ,,129,90.3,129.0,399,Przeciwsłoneczne,Męskie,Sportowe,Plastik,tak,Czarny,Czarny,instock,4,GOYA okulary przeciwsłoneczne z filtrem polaryzacyjnym - G 175 CZ,goya-g-175-cz-okulary-przeciwsloneczne-z-filtrem-polaryzacyjnym,https://goya-eight.vercel.app/okulary/goya-g-175-cz-okulary-przeciwsloneczne-z-filtrem-polaryzacyjnym,https://okulary.pl/wp-content/uploads/2022/11/3157_6.jpg,"OKULARY PRZECIWSŁONECZNE DLA KIEROWCÓW GOYA Z FILTREM POLARYZACYJNYM I UV400 Soczewki okularów GOYA o grubości 1,1 wyposażone są w filtr polaryzacyjny oraz filtr ochronny UV-400 (UV-A, UV-B, UV-C) OPRAWKA WYKONANA W TECHNOLOGII TR-90 Wysokiej jakości odmiana nylonu, wyjątkowo odporna na rozciąganie i wyginanie. Materiał wytrzymały na uderzenia, elastyczny, przyjemny w dotyku, o właściwościach antyalergicznych. Okulary wykonane z TR-90 są lekkie, wytrzymałe i wygodne w użytkowaniu. OKULARY POSIADAJĄ CERTYFIKAT CE. Produkt odpowiada Wytycznej Europejskiej 89/686/EWG zgodnie z normą PN-EN ISO 12312-1:2014-02/A1:2016-01. Każda para okularów posiada oryginalne oznaczenia znajdujące się na wewnętrznej stronie zauszników ; logo producenta, numer modelu, kategoria filtra oraz oznaczenie CE. O POLARYZACJI: Soczewki polaryzacyjne neutralizują oślepiające refleksy, powstające wówczas gdy światło odbija się od mokrej drogi, powierzchni wody lub śniegu. Eliminacja światła odbitego zwiększ kontrast widzenia i pozwala na bardziej komfortowe widzenie. Dlatego o"
243931,G 2714 C1,Nube,City,Goya G 2714 C1,,109,76.3,109.0,349,Korekcyjne,Damskie,Prostokątne,Tworzywo,nie,"Czarny, Transparentny",,instock,0,GOYA okulary korekcyjne - G 2714 C1,goya-okulary-korekcyjne-g-2714-c1,https://goya-eight.vercel.app/okulary/goya-okulary-korekcyjne-g-2714-c1,https://okulary.pl/wp-content/uploads/2022/11/608_3.jpg,"OKULARY KOREKCYJNE GOYA G 2714 C1 Produkt nowy - posiadają oryginalne zabezpieczenia, metkę oraz instrukcję użytkowania, dodatkowo w zestawie twarde etui na zawias sprężynowy Marki GOYA oraz miękką ściereczkę czyszczącą. NASZE PRODUKTY WYSYŁAMY BARDZO DOBRZE ZABEZPIECZONE W FOLIĘ TRANSPORTOWĄ I ZAPAKOWANE W WYTRZYMAŁY KARTONIK"
239046,G 55T002,Nómada,City,,G 55T002 CZ; G 55T002 BR; G 55T002 GR,119,83.3,,399,Przeciwsłoneczne,Męskie,Nerdy,Tworzywo,tak,"Brązowy, Czarny, Grafitowy","Brązowy, Czarny",instock,24,GOYA okulary przeciwsłoneczne z filtrem polaryzacyjnym - G 55T002,okulary-przeciwsloneczne-polaryzacyjne-dla-kierowcow-goya-g-55t002-br,https://goya-eight.vercel.app/okulary/okulary-przeciwsloneczne-polaryzacyjne-dla-kierowcow-goya-g-55t002-br,https://okulary.pl/wp-content/uploads/2022/03/prof-479.jpeg,"OKULARY PRZECIWSŁONECZNE DLA KIEROWCÓW GOYA Z FILTREM POLARYZACYJNYM I UV400 Zauszniki oprawek wykonane z aluminium - co sprawia, że okulary są bardzo lekkie i wytrzymałe. Soczewki okularów GOYA o grubości 1,1 wyposażone są w filtr polaryzacyjny oraz filtr ochronny UV-400 (UV-A, UV-B, UV-C) OPRAWKA WYKONANA W TECHNOLOGII TR-90 Wysokiej jakości odmiana nylonu, wyjątkowo odporna na rozciąganie i wyginanie. Materiał wytrzymały na uderzenia, elastyczny, przyjemny w dotyku, o właściwościach antyalergicznych. Okulary wykonane z TR-90 są lekkie, wytrzymałe i wygodne w użytkowaniu. ZAUSZNIKI POŁĄCZONE Z OPRAWKĄ SYSTEMEM FLEX: FLEX - elastyczne połączenie zausznika z frontem oprawy. Zwiększony zakres odchylenia zausznika do ponad 110° gwarantuje wygodę noszenia i ułatwia zakładanie oraz zdejmowanie okularów. OKULARY POSIADAJĄ CERTYFIKAT CE. Produkt odpowiada Wytycznej Europejskiej 89/686/EWG zgodnie z normą PN-EN ISO 12312-1:2014-02/A1:2016-01. Każda para okularów posiada oryginalne oznaczenia znajdujące się na wewnętrznej stronie zauszników ; logo p"
337412,G 55029 GR,Ocaso,Coast,G 55029 GR - C2,,179,125.3,179.0,499,Przeciwsłoneczne,Damskie,Aviator,Metal,tak,"Grafitowy, Szary",Szary,instock,1,GOYA okulary przeciwsłoneczne z filtrem polaryzacyjnym - G 55029 GR,goya-okulary-przeciwsloneczne-z-filtrem-polaryzacyjnym-g-55029-gr,https://goya-eight.vercel.app/okulary/goya-okulary-przeciwsloneczne-z-filtrem-polaryzacyjnym-g-55029-gr,https://okulary.pl/wp-content/uploads/2025/02/G_55029_GR_A.jpg,"OKULARY PRZECIWSŁONECZNE DLA KIEROWCÓW GOYA Z FILTREM POLARYZACYJNYM I UV400 Oprawki wykonane w całości z aluminium - co sprawia, że okulary są bardzo lekkie i wytrzymałe. Soczewki okularów GOYA o grubości 1,1 wyposażone są w filtr polaryzacyjny oraz filtr ochronny UV-400 (UV-A, UV-B, UV-C) ZAUSZNIKI POŁĄCZONE Z OPRAWKĄ SYSTEMEM FLEX: FLEX - elastyczne połączenie zausznika z frontem oprawy. Zwiększony zakres odchylenia zausznika do ponad 110° gwarantuje wygodę noszenia i ułatwia zakładanie oraz zdejmowanie okularów. OKULARY POSIADAJĄ CERTYFIKAT CE. Produkt odpowiada Wytycznej Europejskiej 89/686/EWG zgodnie z normą PN-EN ISO 12312-1:2014-02/A1:2016-01. Każda para okularów posiada oryginalne oznaczenia znajdujące się na wewnętrznej stronie zauszników ; logo producenta, numer modelu, kategoria filtra oraz oznaczenie CE. O POLARYZACJI: Soczewki polaryzacyjne neutralizują oślepiające refleksy, powstające wówczas gdy światło odbija się od mokrej drogi, powierzchni wody lub śniegu. Eliminacja światła odbitego zwiększ kontrast widzenia i pozwala"
245701,G 184 C,Ocre,Coast,GOYA G 184 C,,149,104.3,149.0,449,Przeciwsłoneczne,Damskie,Kocie,Tworzywo,tak,"Czarny, Czerwony",Czarny,instock,1,GOYA okulary przeciwsłoneczne z filtrem polaryzacyjnym - G 184 C,goya-g-184-c-okulary-przeciwsloneczne-z-filtrem-polaryzacyjnym,https://goya-eight.vercel.app/okulary/goya-g-184-c-okulary-przeciwsloneczne-z-filtrem-polaryzacyjnym,https://okulary.pl/wp-content/uploads/2022/11/3143_6.jpg,"OKULARY PRZECIWSŁONECZNE DLA KIEROWCÓW GOYA Z FILTREM POLARYZACYJNYM I UV400 Soczewki okularów GOYA o grubości 1,1 wyposażone są w filtr polaryzacyjny oraz filtr ochronny UV-400 (UV-A, UV-B, UV-C) OPRAWKA WYKONANA W TECHNOLOGII TR-90 Wysokiej jakości odmiana nylonu, wyjątkowo odporna na rozciąganie i wyginanie. Materiał wytrzymały na uderzenia, elastyczny, przyjemny w dotyku, o właściwościach antyalergicznych. Okulary wykonane z TR-90 są lekkie, wytrzymałe i wygodne w użytkowaniu. ZAUSZNIKI POŁĄCZONE Z OPRAWKĄ SYSTEMEM FLEX: FLEX - elastyczne połączenie zausznika z frontem oprawy. Zwiększony zakres odchylenia zausznika do ponad 110° gwarantuje wygodę noszenia i ułatwia zakładanie oraz zdejmowanie okularów. OKULARY POSIADAJĄ CERTYFIKAT CE. Produkt odpowiada Wytycznej Europejskiej 89/686/EWG zgodnie z normą PN-EN ISO 12312-1:2014-02/A1:2016-01. Każda para okularów posiada oryginalne oznaczenia znajdujące się na wewnętrznej stronie zauszników ; logo producenta, numer modelu, kategoria filtra oraz oznaczenie CE. O POLARYZACJI: Soczewki pola"
334574,G 55001 CZ,Oleaje,City,G 55001 CZ - C1,,179,125.3,179.0,499,Przeciwsłoneczne,Męskie,Nerdy,Metal,tak,Czarny,Szary,outofstock,8,GOYA okulary przeciwsłoneczne z filtrem polaryzacyjnym - G 55001 CZ,goya-okulary-przeciwsloneczne-z-filtrem-polaryzacyjnym-g-55001-cz,https://goya-eight.vercel.app/okulary/goya-okulary-przeciwsloneczne-z-filtrem-polaryzacyjnym-g-55001-cz,https://okulary.pl/wp-content/uploads/2025/01/G_55001_CZ_A.jpg,"OKULARY PRZECIWSŁONECZNE DLA KIEROWCÓW GOYA Z FILTREM POLARYZACYJNYM I UV400 Zausznik wykonane w całości z aluminium - co sprawia, że okulary są bardzo lekkie i wytrzymałe. Soczewki okularów GOYA o grubości 1,1 wyposażone są w filtr polaryzacyjny oraz filtr ochronny UV-400 (UV-A, UV-B, UV-C) ZAUSZNIKI POŁĄCZONE Z OPRAWKĄ SYSTEMEM FLEX: FLEX - elastyczne połączenie zausznika z frontem oprawy. Zwiększony zakres odchylenia zausznika do ponad 110° gwarantuje wygodę noszenia i ułatwia zakładanie oraz zdejmowanie okularów. OKULARY POSIADAJĄ CERTYFIKAT CE. Produkt odpowiada Wytycznej Europejskiej 89/686/EWG zgodnie z normą PN-EN ISO 12312-1:2014-02/A1:2016-01. Każda para okularów posiada oryginalne oznaczenia znajdujące się na wewnętrznej stronie zauszników ; logo producenta, numer modelu, kategoria filtra oraz oznaczenie CE. O POLARYZACJI: Soczewki polaryzacyjne neutralizują oślepiające refleksy, powstające wówczas gdy światło odbija się od mokrej drogi, powierzchni wody lub śniegu. Eliminacja światła odbitego zwiększ kontrast widzenia i pozwala"
243887,okulary korekcyjne G 2619 C3,Oliva,City,Goya G 2619 C3,,119,83.3,119.0,399,Korekcyjne,Damskie,Prostokątne,Tworzywo,nie,"Czarny, Granatowy",,instock,0,GOYA okulary korekcyjne G 2619 C3,goya-okulary-korekcyjne-g-2619-c3,https://goya-eight.vercel.app/okulary/goya-okulary-korekcyjne-g-2619-c3,https://okulary.pl/wp-content/uploads/2022/11/575_6.jpg,"OKULARY KOREKCYJNE GOYA G 2619 C3 Produkt nowy ! - posiadają oryginalne zabezpieczenia, metkę oraz instrukcję użytkowania, dodatkowo w zestawie twarde etui na zawias sprężynowy Marki GOYA oraz miękką ściereczkę czyszczącą. NASZE PRODUKTY SĄ BARDZO DOBRZE ZABEZPIECZONE W FOLIĘ TRANSPORTOWĄ I ZAPAKOWANE W WYTRZYMAŁY KARTONIK"
244983,G 55006,Olmo,Coast,,G 55006 BR; G 55006 GR; G 55006 CZ,149,104.3,,449,Przeciwsłoneczne,Męskie,Aviator,Metal,tak,"Brązowy, Czarny, Grafitowy","Brązowy, Czarny",instock,9,GOYA okulary przeciwsłoneczne z filtrem polaryzacyjnym - G 55006,goya-g-55006-br-okulary-przeciwsloneczne-z-filtrem-polaryzacyjnym,https://goya-eight.vercel.app/okulary/goya-g-55006-br-okulary-przeciwsloneczne-z-filtrem-polaryzacyjnym,https://okulary.pl/wp-content/uploads/2022/11/2445_1.jpg,"OKULARY PRZECIWSŁONECZNE DLA KIEROWCÓW GOYA Z FILTREM POLARYZACYJNYM I UV400 Zauszniki oprawek wykonane z aluminium - co sprawia, że okulary są bardzo lekkie i wytrzymałe. Soczewki okularów GOYA o grubości 1,1 wyposażone są w filtr polaryzacyjny oraz filtr ochronny UV-400 (UV-A, UV-B, UV-C) ZAUSZNIKI POŁĄCZONE Z OPRAWKĄ SYSTEMEM FLEX: FLEX - elastyczne połączenie zausznika z frontem oprawy. Zwiększony zakres odchylenia zausznika do ponad 110° gwarantuje wygodę noszenia i ułatwia zakładanie oraz zdejmowanie okularów. OKULARY POSIADAJĄ CERTYFIKAT CE. Produkt odpowiada Wytycznej Europejskiej 89/686/EWG zgodnie z normą PN-EN ISO 12312-1:2014-02/A1:2016-01. Każda para okularów posiada oryginalne oznaczenia znajdujące się na wewnętrznej stronie zauszników ; logo producenta, numer modelu, kategoria filtra oraz oznaczenie CE. O POLARYZACJI: Soczewki polaryzacyjne neutralizują oślepiające refleksy, powstające wówczas gdy światło odbija się od mokrej drogi, powierzchni wody lub śniegu. Eliminacja światła odbitego zwiększ kontrast widzenia i pozwala na"
243888,G 2652 C3,Palma,Coast,Goya G 2652 C3,,109,76.3,109.0,349,Korekcyjne,Damskie,Kocie,Tworzywo,nie,"Biały, Czerwony",,instock,1,GOYA okulary korekcyjne - G 2652 C3,goya-okulary-korekcyjne-g-2652-c3,https://goya-eight.vercel.app/okulary/goya-okulary-korekcyjne-g-2652-c3,https://okulary.pl/wp-content/uploads/2022/11/593_4.jpg,"OKULARY KOREKCYJNE GOYA G 2652 C3 Produkt nowy - posiadają oryginalne zabezpieczenia, metkę oraz instrukcję użytkowania, dodatkowo w zestawie twarde etui na zawias sprężynowy Marki GOYA oraz miękką ściereczkę czyszczącą. NASZE PRODUKTY WYSYŁAMY BARDZO DOBRZE ZABEZPIECZONE W FOLIĘ TRANSPORTOWĄ I ZAPAKOWANE W WYTRZYMAŁY KARTONIK"
253140,G 154 CZ,Perla,Weekend,Goya G 154 CZ,,149,104.3,149.0,449,Przeciwsłoneczne,Damskie,Pozostałe,Tworzywo,tak,Czarny,Czarny,instock,0,GOYA okulary przeciwsłoneczne z filtrem polaryzacyjnym - G 154 CZ,goya-okulary-przeciwsloneczne-z-filtrem-polaryzacyjnym-g-154-cz,https://goya-eight.vercel.app/okulary/goya-okulary-przeciwsloneczne-z-filtrem-polaryzacyjnym-g-154-cz,https://okulary.pl/wp-content/uploads/2023/01/3182_1.jpg,"OKULARY PRZECIWSŁONECZNE DLA KIEROWCÓW GOYA Z FILTREM POLARYZACYJNYM I UV400 Oprawka wykonana w technologii - wycinania z płyty. Ręcznie obrabiana. Soczewki okularów GOYA o grubości 1,1 wyposażone są w filtr polaryzacyjny oraz filtr ochronny UV-400 (UV-A, UV-B, UV-C) OKULARY POSIADAJĄ CERTYFIKAT CE. Produkt odpowiada Wytycznej Europejskiej 89/686/EWG zgodnie z normą PN-EN ISO 12312-1:2014-02/A1:2016-01. Każda para okularów posiada oryginalne oznaczenia znajdujące się na wewnętrznej stronie zauszników ; logo producenta, numer modelu, kategoria filtra oraz oznaczenie CE. O POLARYZACJI: Soczewki polaryzacyjne neutralizują oślepiające refleksy, powstające wówczas gdy światło odbija się od mokrej drogi, powierzchni wody lub śniegu. Eliminacja światła odbitego zwiększ kontrast widzenia i pozwala na bardziej komfortowe widzenie. Dlatego okulary z filtrem polaryzacyjnym to idealne rozwiązanie do wszelkiego rodzaju aktywności na świeżym powietrzu, pozwalające pełniej korzystać z życia. ZALETY: Eliminują oślepiające odblaski, zmniejsz"
245445,G 7107,Peñíscola,Coast,,G 7107 CZ; G 7107 Z,159,111.3,,449,Przeciwsłoneczne,Unisex,Aviator,Metal,tak,"Czarny, Złoty","Czarny, Zielony",instock,9,GOYA okulary przeciwsłoneczne z filtrem polaryzacyjnym - G 7107,goya-g-7107-z-okulary-przeciwsloneczne-polaryzacyjne-dla-kierowcow,https://goya-eight.vercel.app/okulary/goya-g-7107-z-okulary-przeciwsloneczne-polaryzacyjne-dla-kierowcow,https://okulary.pl/wp-content/uploads/2022/11/2649_1.jpg,"OKULARY PRZECIWSŁONECZNE DLA KIEROWCÓW GOYA Z FILTREM POLARYZACYJNYM I UV400 Oprawki wykonane z monelu - co sprawia, że okulary są bardzo lekkie i wytrzymałe. Soczewki okularów GOYA o grubości 1,1 wyposażone są w filtr polaryzacyjny oraz filtr ochronny UV-400 (UV-A, UV-B, UV-C) OKULARY POSIADAJĄ CERTYFIKAT CE. Produkt odpowiada Wytycznej Europejskiej 89/686/EWG zgodnie z normą PN-EN ISO 12312-1:2014-02/A1:2016-01. Każda para okularów posiada oryginalne oznaczenia znajdujące się na wewnętrznej stronie zauszników ; logo producenta, numer modelu, kategoria filtra oraz oznaczenie CE. O POLARYZACJI: Soczewki polaryzacyjne neutralizują oślepiające refleksy, powstające wówczas gdy światło odbija się od mokrej drogi, powierzchni wody lub śniegu. Eliminacja światła odbitego zwiększ kontrast widzenia i pozwala na bardziej komfortowe widzenie. Dlatego okulary z filtrem polaryzacyjnym to idealne rozwiązanie do wszelkiego rodzaju aktywności na świeżym powietrzu, pozwalające pełniej korzystać z życia. ZALETY: Eliminują oślepiające odblas"
244424,G 96303,Pino,City,,Goya G 96303 C3; Goya G 96303 C1,189,132.3,,499,Korekcyjne,Męskie,Prostokątne,Metal,nie,"Brązowy, Niebieski, Srebrny, Złoty",,instock,9,GGOYA okulary korekcyjne - G 96303,goya-okulary-korekcyjne-g-96303-c3,https://goya-eight.vercel.app/okulary/goya-okulary-korekcyjne-g-96303-c3,https://okulary.pl/wp-content/uploads/2022/11/683_4.jpg,"OKULARY KOREKCYJNE GOYA G 96303 Produkt nowy - posiadają oryginalne zabezpieczenia, metkę oraz instrukcję użytkowania, dodatkowo w zestawie twarde etui na zawias sprężynowy Marki GOYA oraz miękką ściereczkę czyszczącą. NASZE PRODUKTY WYSYŁAMY BARDZO DOBRZE ZABEZPIECZONE W FOLIĘ TRANSPORTOWĄ I ZAPAKOWANE W WYTRZYMAŁY KARTONIK"
245915,G 164,Poniente,City,Goya G 164 CZ,,149,104.3,149.0,449,Przeciwsłoneczne,Damskie,Prostokątne,Tworzywo,tak,Czarny,Czarny,instock,2,GOYA okulary przeciwsłoneczne z filtrem polaryzacyjnym - G 164,goya-g-164-cz-okulary-przeciwsloneczne-z-filtrem-polaryzacyjnym,https://goya-eight.vercel.app/okulary/goya-g-164-cz-okulary-przeciwsloneczne-z-filtrem-polaryzacyjnym,https://okulary.pl/wp-content/uploads/2022/11/3170_1.jpg,"OKULARY PRZECIWSŁONECZNE DLA KIEROWCÓW GOYA Z FILTREM POLARYZACYJNYM I UV400 Oprawka wykonana w technologii - wycinania z płyty. Ręcznie obrabiana. Soczewki okularów GOYA o grubości 1,1 wyposażone są w filtr polaryzacyjny oraz filtr ochronny UV-400 (UV-A, UV-B, UV-C) ZAUSZNIKI POŁĄCZONE Z OPRAWKĄ SYSTEMEM FLEX: FLEX - elastyczne połączenie zausznika z frontem oprawy. Zwiększony zakres odchylenia zausznika do ponad 110° gwarantuje wygodę noszenia i ułatwia zakładanie oraz zdejmowanie okularów. OKULARY POSIADAJĄ CERTYFIKAT CE. Produkt odpowiada Wytycznej Europejskiej 89/686/EWG zgodnie z normą PN-EN ISO 12312-1:2014-02/A1:2016-01. Każda para okularów posiada oryginalne oznaczenia znajdujące się na wewnętrznej stronie zauszników ; logo producenta, numer modelu, kategoria filtra oraz oznaczenie CE. O POLARYZACJI: Soczewki polaryzacyjne neutralizują oślepiające refleksy, powstające wówczas gdy światło odbija się od mokrej drogi, powierzchni wody lub śniegu. Eliminacja światła odbitego zwiększ kontrast widzenia i pozwala na bardziej komfortowe wid"
253959,G 21611 CZ,Portofino,Coast,GOYA G 21611 CZ,,149,104.3,149.0,449,Przeciwsłoneczne,Unisex,Aviator,Metal,tak,"Czarny, Złoty",Czarny,instock,2,GOYA okulary przeciwsłoneczne z filtrem polaryzacyjnym - G 21611 CZ,goya-okulary-przeciwsloneczne-z-filtrem-polaryzacyjnym-g-21611-cz,https://goya-eight.vercel.app/okulary/goya-okulary-przeciwsloneczne-z-filtrem-polaryzacyjnym-g-21611-cz,https://okulary.pl/wp-content/uploads/2023/02/G-21611-CZ-A.jpg,"OKULARY PRZECIWSŁONECZNE DLA KIEROWCÓW GOYA Z FILTREM POLARYZACYJNYM I UV400 Soczewki okularów GOYA o grubości 1,1 wyposażone są w filtr polaryzacyjny oraz filtr ochronny UV-400 (UV-A, UV-B, UV-C) ZAUSZNIKI POŁĄCZONE Z OPRAWKĄ SYSTEMEM FLEX: FLEX - elastyczne połączenie zausznika z frontem oprawy. Zwiększony zakres odchylenia zausznika do ponad 110° gwarantuje wygodę noszenia i ułatwia zakładanie oraz zdejmowanie okularów. OKULARY POSIADAJĄ CERTYFIKAT CE. Produkt odpowiada Wytycznej Europejskiej 89/686/EWG zgodnie z normą PN-EN ISO 12312-1:2014-02/A1:2016-01. Każda para okularów posiada oryginalne oznaczenia znajdujące się na wewnętrznej stronie zauszników ; logo producenta, numer modelu, kategoria filtra oraz oznaczenie CE. O POLARYZACJI: Soczewki polaryzacyjne neutralizują oślepiające refleksy, powstające wówczas gdy światło odbija się od mokrej drogi, powierzchni wody lub śniegu. Eliminacja światła odbitego zwiększ kontrast widzenia i pozwala na bardziej komfortowe widzenie. Dlatego okulary z filtrem polaryzacyjnym to idealne rozwiązanie do"
244295,G 94313,Proa,City,,Goya G 94313 C4; Goya G 94313 C3,159,111.3,,449,Korekcyjne,Męskie,Prostokątne,Tworzywo,nie,"Czarny, Granatowy, Szary",,instock,0,GOYA okulary korekcyjne - G 94313,goya-okulary-korekcyjne-g-94313-c4,https://goya-eight.vercel.app/okulary/goya-okulary-korekcyjne-g-94313-c4,https://okulary.pl/wp-content/uploads/2022/11/666_4.jpg,"OKULARY KOREKCYJNE GOYA G 94313 Produkt nowy - posiadają oryginalne zabezpieczenia, metkę oraz instrukcję użytkowania, dodatkowo w zestawie twarde etui na zawias sprężynowy Marki GOYA oraz miękką ściereczkę czyszczącą. NASZE PRODUKTY WYSYŁAMY BARDZO DOBRZE ZABEZPIECZONE W FOLIĘ TRANSPORTOWĄ I ZAPAKOWANE W WYTRZYMAŁY KARTONIK"
244058,LB 8936 C3,Raudo,City,Goya LB 8936 C3,,129,90.3,129.0,399,Korekcyjne,Męskie,Prostokątne,Tworzywo,nie,"Czarny, Szary",,instock,1,GOYA okulary korekcyjne - LB 8936 C3,goya-okulary-korekcyjne-lb-8936-c3,https://goya-eight.vercel.app/okulary/goya-okulary-korekcyjne-lb-8936-c3,https://okulary.pl/wp-content/uploads/2022/11/642_4.jpg,"OKULARY KOREKCYJNE GOYA LB 8936 C3 Produkt nowy - posiadają oryginalne zabezpieczenia, metkę oraz instrukcję użytkowania, dodatkowo w zestawie twarde etui na zawias sprężynowy Marki GOYA oraz miękką ściereczkę czyszczącą. NASZE PRODUKTY WYSYŁAMY BARDZO DOBRZE ZABEZPIECZONE W FOLIĘ TRANSPORTOWĄ I ZAPAKOWANE W WYTRZYMAŁY KARTONIK"
256227,A 0709 CZ,Rayo,City,GOYA A 0709 CZ,,179,125.3,179.0,499,Przeciwsłoneczne,Damskie,Kwadratowe,Tworzywo,tak,"Czarny, Złoty",Czarny,instock,17,GOYA okulary przeciwsłoneczne z filtrem polaryzacyjnym - GOYA A 0709 CZ,goya-okulary-przeciwsloneczne-z-filtrem-polaryzacyjnym-goya-a-0709-cz,https://goya-eight.vercel.app/okulary/goya-okulary-przeciwsloneczne-z-filtrem-polaryzacyjnym-goya-a-0709-cz,https://okulary.pl/wp-content/uploads/2023/04/GOYA-A0709-CZ-A.jpg,"OKULARY PRZECIWSŁONECZNE GOYA Z FILTREM POLARYZACYJNYM I UV400 Soczewki okularów GOYA o grubości 1,1 wyposażone są w filtr polaryzacyjny oraz filtr ochronny UV-400 (UV-A, UV-B, UV-C) OKULARY POSIADAJĄ CERTYFIKAT CE. Produkt odpowiada Wytycznej Europejskiej 89/686/EWG zgodnie z normą PN-EN ISO 12312-1:2014-02/A1:2016-01. Każda para okularów posiada oryginalne oznaczenia znajdujące się na wewnętrznej stronie zauszników ; logo producenta, numer modelu, kategoria filtra oraz oznaczenie CE. O POLARYZACJI: Soczewki polaryzacyjne neutralizują oślepiające refleksy, powstające wówczas gdy światło odbija się od mokrej drogi, powierzchni wody lub śniegu. Eliminacja światła odbitego zwiększ kontrast widzenia i pozwala na bardziej komfortowe widzenie. Dlatego okulary z filtrem polaryzacyjnym to idealne rozwiązanie do wszelkiego rodzaju aktywności na świeżym powietrzu, pozwalające pełniej korzystać z życia. ZALETY: Eliminują oślepiające odblaski, zmniejszając zmęczenie oczu Chronią przed szkodliwym promieniowaniem UV Zwiększają kontras"
244078,M 9010,Regata,City,,Goya M 9010 C2; Goya M 9010 C4,159,111.3,,449,Korekcyjne,Męskie,Prostokątne,Metal,nie,"Brązowy, Granatowy",,instock,0,GOYA okulary korekcyjne - M 9010,goya-okulary-korekcyjne-m-9010-c2,https://goya-eight.vercel.app/okulary/goya-okulary-korekcyjne-m-9010-c2,https://okulary.pl/wp-content/uploads/2022/11/646_4.jpg,"OKULARY KOREKCYJNE GOYA M 9010 Produkt nowy - posiadają oryginalne zabezpieczenia, metkę oraz instrukcję użytkowania, dodatkowo w zestawie twarde etui na zawias sprężynowy Marki GOYA oraz miękką ściereczkę czyszczącą. NASZE PRODUKTY WYSYŁAMY BARDZO DOBRZE ZABEZPIECZONE W FOLIĘ TRANSPORTOWĄ I ZAPAKOWANE W WYTRZYMAŁY KARTONIK"
244248,RD 654 C3,Remanso,Coast,Goya RD 654 C3,,129,90.3,129.0,399,Korekcyjne,Damskie,Kocie,Tworzywo,nie,"Czerwony, Pomarańczowy",,instock,0,GOYA okulary korekcyjne - RD 654 C3,goya-okulary-korekcyjne-rd-654-c3,https://goya-eight.vercel.app/okulary/goya-okulary-korekcyjne-rd-654-c3,https://okulary.pl/wp-content/uploads/2022/11/655_4.jpg,"OKULARY KOREKCYJNE GOYA RD 654 C3 Produkt nowy - posiadają oryginalne zabezpieczenia, metkę oraz instrukcję użytkowania, dodatkowo w zestawie twarde etui na zawias sprężynowy Marki GOYA oraz miękką ściereczkę czyszczącą. NASZE PRODUKTY WYSYŁAMY BARDZO DOBRZE ZABEZPIECZONE W FOLIĘ TRANSPORTOWĄ I ZAPAKOWANE W WYTRZYMAŁY KARTONIK"
243898,G 2637,Retama,Coast,,Goya G 2637 C2; Goya G 2637 C3,109,76.3,,349,Korekcyjne,Damskie,Kocie,Tworzywo,nie,"Brązowy, Niebieski, Szary, Zielony",,instock,0,GOYA okulary korekcyjne - G 2637,goya-okulary-korekcyjne-g-2637-c2,https://goya-eight.vercel.app/okulary/goya-okulary-korekcyjne-g-2637-c2,https://okulary.pl/wp-content/uploads/2022/11/595_4.jpg,"OKULARY KOREKCYJNE GOYA G 2637 Produkt nowy - posiadają oryginalne zabezpieczenia, metkę oraz instrukcję użytkowania, dodatkowo w zestawie twarde etui na zawias sprężynowy Marki GOYA oraz miękką ściereczkę czyszczącą. NASZE PRODUKTY WYSYŁAMY BARDZO DOBRZE ZABEZPIECZONE W FOLIĘ TRANSPORTOWĄ I ZAPAKOWANE W WYTRZYMAŁY KARTONIK"
245113,G 55016,Risco,Coast,,G 55016 BR; G 55016 GR; G 55016 CZ,149,104.3,,449,Przeciwsłoneczne,Męskie,Aviator,Metal,tak,"Brązowy, Czarny, Grafitowy","Brązowy, Czarny",instock,4,GOYA okulary przeciwsłoneczne z filtrem polaryzacyjnym - G 55016,goya-g-55016-br-okulary-przeciwsloneczne-z-filtrem-polaryzacyjnym,https://goya-eight.vercel.app/okulary/goya-g-55016-br-okulary-przeciwsloneczne-z-filtrem-polaryzacyjnym,https://okulary.pl/wp-content/uploads/2022/11/2454_1.jpg,"OKULARY PRZECIWSŁONECZNE DLA KIEROWCÓW GOYA Z FILTREM POLARYZACYJNYM I UV400 Zauszniki oprawek wykonane z aluminium - co sprawia, że okulary są bardzo lekkie i wytrzymałe. Soczewki okularów GOYA o grubości 1,1 wyposażone są w filtr polaryzacyjny oraz filtr ochronny UV-400 (UV-A, UV-B, UV-C) ZAUSZNIKI POŁĄCZONE Z OPRAWKĄ SYSTEMEM FLEX: FLEX - elastyczne połączenie zausznika z frontem oprawy. Zwiększony zakres odchylenia zausznika do ponad 110° gwarantuje wygodę noszenia i ułatwia zakładanie oraz zdejmowanie okularów. OKULARY POSIADAJĄ CERTYFIKAT CE. Produkt odpowiada Wytycznej Europejskiej 89/686/EWG zgodnie z normą PN-EN ISO 12312-1:2014-02/A1:2016-01. Każda para okularów posiada oryginalne oznaczenia znajdujące się na wewnętrznej stronie zauszników ; logo producenta, numer modelu, kategoria filtra oraz oznaczenie CE. O POLARYZACJI: Soczewki polaryzacyjne neutralizują oślepiające refleksy, powstające wówczas gdy światło odbija się od mokrej drogi, powierzchni wody lub śniegu. Eliminacja światła odbitego zwiększ kontrast widzenia i pozwala na"
244394,G 1478 C2,Roble,City,Goya G 1478 C2,,179,125.3,179.0,499,Korekcyjne,Męskie,Prostokątne,Metal,nie,"Czarny, Szary",,instock,0,GOYA okulary korekcyjne - G 1478 C2,goya-okulary-korekcyjne-g-1478-c2,https://goya-eight.vercel.app/okulary/goya-okulary-korekcyjne-g-1478-c2,https://okulary.pl/wp-content/uploads/2022/11/682_4.jpg,"OKULARY KOREKCYJNE GOYA G 1478 C2 Produkt nowy - posiadają oryginalne zabezpieczenia, metkę oraz instrukcję użytkowania, dodatkowo w zestawie twarde etui na zawias sprężynowy Marki GOYA oraz miękką ściereczkę czyszczącą. NASZE PRODUKTY WYSYŁAMY BARDZO DOBRZE ZABEZPIECZONE W FOLIĘ TRANSPORTOWĄ I ZAPAKOWANE W WYTRZYMAŁY KARTONIK"
243905,okulary korekcyjne G 2635 C1,Romero,Coast,Goya G 2635 C1,,109,76.3,109.0,349,Korekcyjne,Damskie,Kocie,Tworzywo,nie,Różowy,,instock,0,GOYA okulary korekcyjne G 2635 C1,goya-okulary-korekcyjne-g-2635-c1,https://goya-eight.vercel.app/okulary/goya-okulary-korekcyjne-g-2635-c1,https://okulary.pl/wp-content/uploads/2022/11/575_6.jpg,"OKULARY KOREKCYJNE GOYA G 2635 C1 Produkt nowy ! - posiadają oryginalne zabezpieczenia, metkę oraz instrukcję użytkowania, dodatkowo w zestawie twarde etui na zawias sprężynowy Marki GOYA oraz miękką ściereczkę czyszczącą. NASZE PRODUKTY SĄ BARDZO DOBRZE ZABEZPIECZONE W FOLIĘ TRANSPORTOWĄ I ZAPAKOWANE W WYTRZYMAŁY KARTONIK"
237605,G 217,Ronda,Coast,,G 217 N; G 217 CZ,119,83.3,,399,Przeciwsłoneczne,Unisex,Aviator,Metal,tak,"Czarny, Złoty","Czarny, Niebieski",instock,37,GOYA okulary przeciwsłoneczne z filtrem polaryzacyjnym - G 217,okulary-przeciwsloneczne-polaryzacyjne-dla-kierowcow-pilotki-lustrzanki-goya-g-217-n,https://goya-eight.vercel.app/okulary/okulary-przeciwsloneczne-polaryzacyjne-dla-kierowcow-pilotki-lustrzanki-goya-g-217-n,https://okulary.pl/wp-content/uploads/2023/01/1867_4.jpg,"OKULARY PRZECIWSŁONECZNE DLA KIEROWCÓW GOYA Z FILTREM POLARYZACYJNYM I UV400 Oprawki wykonane z monelu (stop miedzi i niklu z domieszką żelaza i manganu, charakteryzujący się dużą odpornością na korozję) - co sprawia, że okulary są bardzo lekkie i wytrzymałe. Soczewki okularów GOYA o grubości 1,1 wyposażone są w filtr polaryzacyjny oraz filtr ochronny UV-400 (UV-A, UV-B, UV-C) OKULARY POSIADAJĄ CERTYFIKAT CE. Produkt odpowiada Wytycznej Europejskiej 89/686/EWG zgodnie z normą PN-EN ISO 12312-1:2014-02/A1:2016-01. Każda para okularów posiada oryginalne oznaczenia znajdujące się na wewnętrznej stronie zauszników ; logo producenta, numer modelu, kategoria filtra oraz oznaczenie CE. O POLARYZACJI: Soczewki polaryzacyjne neutralizują oślepiające refleksy, powstające wówczas gdy światło odbija się od mokrej drogi, powierzchni wody lub śniegu. Eliminacja światła odbitego zwiększ kontrast widzenia i pozwala na bardziej komfortowe widzenie. Dlatego okulary z filtrem polaryzacyjnym to idealne rozwiązanie do wszelkiego rodzaju aktywności na świeżym powietrzu, poz"
237606,G 214,Rumbo,City,GOYA G 214 CZ,GOYA G 214 N; GOYA G 214 CZ,159,111.3,,449,Przeciwsłoneczne,Męskie,Nerdy,Tworzywo,tak,"Czarny, Niebieski",Czarny,instock,14,GOYA okulary przeciwsłoneczne z filtrem polaryzacyjnym - G 214,okulary-przeciwsloneczne-polaryzacyjne-dla-kierowcow-goya-g-214-cz-tr90,https://goya-eight.vercel.app/okulary/okulary-przeciwsloneczne-polaryzacyjne-dla-kierowcow-goya-g-214-cz-tr90,https://okulary.pl/wp-content/uploads/2022/03/prof-235.jpeg,"OKULARY PRZECIWSŁONECZNE DLA KIEROWCÓW GOYA Z FILTREM POLARYZACYJNYM I UV400 Soczewki okularów GOYA o grubości 1,1 wyposażone są w filtr polaryzacyjny oraz filtr ochronny UV-400 (UV-A, UV-B, UV-C) OPRAWKA WYKONANA W TECHNOLOGII TR-90 Wysokiej jakości odmiana nylonu, wyjątkowo odporna na rozciąganie i wyginanie. Materiał wytrzymały na uderzenia, elastyczny, przyjemny w dotyku, o właściwościach antyalergicznych. Okulary wykonane z TR-90 są lekkie, wytrzymałe i wygodne w użytkowaniu. OKULARY POSIADAJĄ CERTYFIKAT CE. Produkt odpowiada Wytycznej Europejskiej 89/686/EWG zgodnie z normą PN-EN ISO 12312-1:2014-02/A1:2016-01. Każda para okularów posiada oryginalne oznaczenia znajdujące się na wewnętrznej stronie zauszników ; logo producenta, numer modelu, kategoria filtra oraz oznaczenie CE. O POLARYZACJI: Soczewki polaryzacyjne neutralizują oślepiające refleksy, powstające wówczas gdy światło odbija się od mokrej drogi, powierzchni wody lub śniegu. Eliminacja światła odbitego zwiększ kontrast widzenia i pozwala na bardziej komfortowe widzenie. Dlatego okul"
243911,okulary korekcyjne G 2672 C1,Salvia,Coast,Goya G 2672 C1,,109,76.3,109.0,349,Korekcyjne,Damskie,Kocie,Tworzywo,nie,"Czarny, Wielokolorowy",,instock,0,GOYA okulary korekcyjne G 2672 C1,goya-okulary-korekcyjne-g-2672-c1,https://goya-eight.vercel.app/okulary/goya-okulary-korekcyjne-g-2672-c1,https://okulary.pl/wp-content/uploads/2022/11/575_6.jpg,"OKULARY KOREKCYJNE GOYA G 2672 C1 Produkt nowy ! - posiadają oryginalne zabezpieczenia, metkę oraz instrukcję użytkowania, dodatkowo w zestawie twarde etui na zawias sprężynowy Marki GOYA oraz miękką ściereczkę czyszczącą. NASZE PRODUKTY SĄ BARDZO DOBRZE ZABEZPIECZONE W FOLIĘ TRANSPORTOWĄ I ZAPAKOWANE W WYTRZYMAŁY KARTONIK"
256082,CP 806632,Sarao,Coast,,GOYA CP 806632 ZL; GOYA CP 806632 CZ,179,125.3,,499,Przeciwsłoneczne,Unisex,Aviator,Metal,tak,"Czarny, Złoty",Czarny,instock,16,GOYA okulary przeciwsłoneczne z filtrem polaryzacyjnym - GOYA CP 806632,goya-okulary-przeciwsloneczne-z-filtrem-polaryzacyjnym-goya-cp-806632,https://goya-eight.vercel.app/okulary/goya-okulary-przeciwsloneczne-z-filtrem-polaryzacyjnym-goya-cp-806632,https://okulary.pl/wp-content/uploads/2023/04/3414_1.jpg,"OKULARY PRZECIWSŁONECZNE DLA KIEROWCÓW GOYA Z FILTREM POLARYZACYJNYM I UV400 Soczewki okularów GOYA o grubości 1,1 wyposażone są w filtr polaryzacyjny oraz filtr ochronny UV-400 (UV-A, UV-B, UV-C) OKULARY POSIADAJĄ CERTYFIKAT CE. Produkt odpowiada Wytycznej Europejskiej 89/686/EWG zgodnie z normą PN-EN ISO 12312-1:2014-02/A1:2016-01. Każda para okularów posiada oryginalne oznaczenia znajdujące się na wewnętrznej stronie zauszników ; logo producenta, numer modelu, kategoria filtra oraz oznaczenie CE. O POLARYZACJI: Soczewki polaryzacyjne neutralizują oślepiające refleksy, powstające wówczas gdy światło odbija się od mokrej drogi, powierzchni wody lub śniegu. Eliminacja światła odbitego zwiększ kontrast widzenia i pozwala na bardziej komfortowe widzenie. Dlatego okulary z filtrem polaryzacyjnym to idealne rozwiązanie do wszelkiego rodzaju aktywności na świeżym powietrzu, pozwalające pełniej korzystać z życia. ZALETY: Eliminują oślepiające odblaski, zmniejszając zmęczenie oczu Chronią przed szkodliwym promieniowaniem UV Zwięk"
244050,RD 396 C2,Serena,Coast,Goya RD 396 C2,,119,83.3,119.0,399,Korekcyjne,Damskie,Kocie,Tworzywo,nie,"Czarny, Złoty",,instock,0,GOYA okulary korekcyjne - RD 396 C2,goya-okulary-korekcyjne-rd-396-c2,https://goya-eight.vercel.app/okulary/goya-okulary-korekcyjne-rd-396-c2,https://okulary.pl/wp-content/uploads/2022/11/575_6.jpg,"OKULARY KOREKCYJNE GOYA RD 396 C2 Produkt nowy ! - posiadają oryginalne zabezpieczenia, metkę oraz instrukcję użytkowania, dodatkowo w zestawie twarde etui na zawias sprężynowy Marki GOYA oraz miękką ściereczkę czyszczącą. NASZE PRODUKTY SĄ BARDZO DOBRZE ZABEZPIECZONE W FOLIĘ TRANSPORTOWĄ I ZAPAKOWANE W WYTRZYMAŁY KARTONIK"
244253,RD 396 C3,Sereno,Coast,Goya RD 396 C3,,119,83.3,119.0,399,Korekcyjne,Damskie,Kocie,Tworzywo,nie,"Brązowy, Srebrny",,instock,0,GOYA okulary korekcyjne - RD 396 C3,goya-okulary-korekcyjne-rd-396-c3,https://goya-eight.vercel.app/okulary/goya-okulary-korekcyjne-rd-396-c3,https://okulary.pl/wp-content/uploads/2022/11/575_6.jpg,"OKULARY KOREKCYJNE GOYA RD 396 C3 Produkt nowy ! - posiadają oryginalne zabezpieczenia, metkę oraz instrukcję użytkowania, dodatkowo w zestawie twarde etui na zawias sprężynowy Marki GOYA oraz miękką ściereczkę czyszczącą. NASZE PRODUKTY SĄ BARDZO DOBRZE ZABEZPIECZONE W FOLIĘ TRANSPORTOWĄ I ZAPAKOWANE W WYTRZYMAŁY KARTONIK"
245199,G 55032,Sierra,Coast,,G 55032 BR; G 55032 GR; G 55032 CZ,149,104.3,,449,Przeciwsłoneczne,Męskie,Aviator,Metal,tak,"Brązowy, Czarny, Grafitowy","Brązowy, Czarny",instock,5,GOYA okulary przeciwsłoneczne z filtrem polaryzacyjnym - G 55032,goya-g-55032-br-okulary-przeciwsloneczne-z-filtrem-polaryzacyjnym,https://goya-eight.vercel.app/okulary/goya-g-55032-br-okulary-przeciwsloneczne-z-filtrem-polaryzacyjnym,https://okulary.pl/wp-content/uploads/2022/11/2460_1.jpg,"OKULARY PRZECIWSŁONECZNE DLA KIEROWCÓW GOYA Z FILTREM POLARYZACYJNYM I UV400 Zauszniki oprawek wykonane z aluminium - co sprawia, że okulary są bardzo lekkie i wytrzymałe. Soczewki okularów GOYA o grubości 1,1 wyposażone są w filtr polaryzacyjny oraz filtr ochronny UV-400 (UV-A, UV-B, UV-C) ZAUSZNIKI POŁĄCZONE Z OPRAWKĄ SYSTEMEM FLEX: FLEX - elastyczne połączenie zausznika z frontem oprawy. Zwiększony zakres odchylenia zausznika do ponad 110° gwarantuje wygodę noszenia i ułatwia zakładanie oraz zdejmowanie okularów. OKULARY POSIADAJĄ CERTYFIKAT CE. Produkt odpowiada Wytycznej Europejskiej 89/686/EWG zgodnie z normą PN-EN ISO 12312-1:2014-02/A1:2016-01. Każda para okularów posiada oryginalne oznaczenia znajdujące się na wewnętrznej stronie zauszników ; logo producenta, numer modelu, kategoria filtra oraz oznaczenie CE. O POLARYZACJI: Soczewki polaryzacyjne neutralizują oślepiające refleksy, powstające wówczas gdy światło odbija się od mokrej drogi, powierzchni wody lub śniegu. Eliminacja światła odbitego zwiększ kontrast widzenia i pozwala na"
256037,CP 8802,Siesta,Coast,,GOYA CP 8802 S; GOYA CP 8802 ZL,179,125.3,,499,Przeciwsłoneczne,Unisex,Aviator,Metal,tak,"Niebieski, Złoty","Czarny, Srebrny",instock,4,GOYA okulary przeciwsłoneczne z filtrem polaryzacyjnym - GOYA CP 8802,goya-okulary-przeciwsloneczne-z-filtrem-polaryzacyjnym-goya-cp-8802,https://goya-eight.vercel.app/okulary/goya-okulary-przeciwsloneczne-z-filtrem-polaryzacyjnym-goya-cp-8802,https://okulary.pl/wp-content/uploads/2023/04/GOYA-CP8802-S-A.jpg,"OKULARY PRZECIWSŁONECZNE DLA KIEROWCÓW GOYA Z FILTREM POLARYZACYJNYM I UV400 Soczewki okularów GOYA o grubości 1,1 wyposażone są w filtr polaryzacyjny oraz filtr ochronny UV-400 (UV-A, UV-B, UV-C) OKULARY POSIADAJĄ CERTYFIKAT CE. Produkt odpowiada Wytycznej Europejskiej 89/686/EWG zgodnie z normą PN-EN ISO 12312-1:2014-02/A1:2016-01. Każda para okularów posiada oryginalne oznaczenia znajdujące się na wewnętrznej stronie zauszników ; logo producenta, numer modelu, kategoria filtra oraz oznaczenie CE. O POLARYZACJI: Soczewki polaryzacyjne neutralizują oślepiające refleksy, powstające wówczas gdy światło odbija się od mokrej drogi, powierzchni wody lub śniegu. Eliminacja światła odbitego zwiększ kontrast widzenia i pozwala na bardziej komfortowe widzenie. Dlatego okulary z filtrem polaryzacyjnym to idealne rozwiązanie do wszelkiego rodzaju aktywności na świeżym powietrzu, pozwalające pełniej korzystać z życia. ZALETY: Eliminują oślepiające odblaski, zmniejszając zmęczenie oczu Chronią przed szkodliwym promieniowaniem UV Zwięk"
253109,G 151,Sirena,City,,Goya G 151 ZX C; Goya G 151 S B,149,104.3,,449,Przeciwsłoneczne,Damskie,Owalne,Tworzywo,tak,"Czarny, Wielokolorowy",Czarny,instock,4,GOYA okulary przeciwsłoneczne z filtrem polaryzacyjnym - G 151,goya-okulary-przeciwsloneczne-z-filtrem-polaryzacyjnym-g-151,https://goya-eight.vercel.app/okulary/goya-okulary-przeciwsloneczne-z-filtrem-polaryzacyjnym-g-151,https://okulary.pl/wp-content/uploads/2023/01/3185_1.jpg,"OKULARY PRZECIWSŁONECZNE DLA KIEROWCÓW GOYA Z FILTREM POLARYZACYJNYM I UV400 Oprawka wykonana w technologii - wycinania z płyty. Ręcznie obrabiana. Soczewki okularów GOYA o grubości 1,1 wyposażone są w filtr polaryzacyjny oraz filtr ochronny UV-400 (UV-A, UV-B, UV-C) OKULARY POSIADAJĄ CERTYFIKAT CE. Produkt odpowiada Wytycznej Europejskiej 89/686/EWG zgodnie z normą PN-EN ISO 12312-1:2014-02/A1:2016-01. Każda para okularów posiada oryginalne oznaczenia znajdujące się na wewnętrznej stronie zauszników ; logo producenta, numer modelu, kategoria filtra oraz oznaczenie CE. O POLARYZACJI: Soczewki polaryzacyjne neutralizują oślepiające refleksy, powstające wówczas gdy światło odbija się od mokrej drogi, powierzchni wody lub śniegu. Eliminacja światła odbitego zwiększ kontrast widzenia i pozwala na bardziej komfortowe widzenie. Dlatego okulary z filtrem polaryzacyjnym to idealne rozwiązanie do wszelkiego rodzaju aktywności na świeżym powietrzu, pozwalające pełniej korzystać z życia. ZALETY: Eliminują oślepiające odblaski, zmniejszaj"
244657,G1921,Sitges,Coast,,GOYA G1921 C2; Goya G1921 C1,109,76.3,,349,Przeciwsłoneczne,Unisex,Aviator,Metal,tak,Złoty,"Brązowy, Zielony",instock,3,GOYA okulary przeciwsłoneczne z filtrem polaryzacyjnym - G1921,goya-g1921-c2-okulary-przeciwsloneczne-z-filtrem-polaryzacyjnym,https://goya-eight.vercel.app/okulary/goya-g1921-c2-okulary-przeciwsloneczne-z-filtrem-polaryzacyjnym,https://okulary.pl/wp-content/uploads/2022/11/975_6.jpg,"OKULARY PRZECIWSŁONECZNE DLA KIEROWCÓW GOYA Z FILTREM POLARYZACYJNYM I UV400 Soczewki okularów GOYA o grubości 1,1 wyposażone są w filtr polaryzacyjny oraz filtr ochronny UV-400 (UV-A, UV-B, UV-C) OPRAWKA WYKONANA W TECHNOLOGII TR-90 Wysokiej jakości odmiana nylonu, wyjątkowo odporna na rozciąganie i wyginanie. Materiał wytrzymały na uderzenia, elastyczny, przyjemny w dotyku, o właściwościach antyalergicznych. Okulary wykonane z TR-90 są lekkie, wytrzymałe i wygodne w użytkowaniu. ZAUSZNIKI POŁĄCZONE Z OPRAWKĄ SYSTEMEM FLEX: FLEX - elastyczne połączenie zausznika z frontem oprawy. Zwiększony zakres odchylenia zausznika do ponad 110° gwarantuje wygodę noszenia i ułatwia zakładanie oraz zdejmowanie okularów. OKULARY POSIADAJĄ CERTYFIKAT CE. Produkt odpowiada Wytycznej Europejskiej 89/686/EWG zgodnie z normą PN-EN ISO 12312-1:2014-02/A1:2016-01. Każda para okularów posiada oryginalne oznaczenia znajdujące się na wewnętrznej stronie zauszników ; logo producenta, numer modelu, kategoria filtra oraz oznaczenie CE. O POLARYZACJI: Soczewki pol"
256209,A 0710,Sol,City,,GOYA A 0710 GR; GOYA A 0710 CZ,179,125.3,,499,Przeciwsłoneczne,Damskie,Kwadratowe,Metal,tak,"Czarny, Niebieski, Srebrny, Transparentny, Złoty",Czarny,instock,18,GOYA okulary przeciwsłoneczne z filtrem polaryzacyjnym - GOYA A 0710,goya-okulary-przeciwsloneczne-z-filtrem-polaryzacyjnym-goya-a-0710,https://goya-eight.vercel.app/okulary/goya-okulary-przeciwsloneczne-z-filtrem-polaryzacyjnym-goya-a-0710,https://okulary.pl/wp-content/uploads/2023/04/GOYA-A0710-CZ-A.jpg,"OKULARY PRZECIWSŁONECZNE GOYA Z FILTREM POLARYZACYJNYM I UV400 Soczewki okularów GOYA o grubości 1,1 wyposażone są w filtr polaryzacyjny oraz filtr ochronny UV-400 (UV-A, UV-B, UV-C) OKULARY POSIADAJĄ CERTYFIKAT CE. Produkt odpowiada Wytycznej Europejskiej 89/686/EWG zgodnie z normą PN-EN ISO 12312-1:2014-02/A1:2016-01. Każda para okularów posiada oryginalne oznaczenia znajdujące się na wewnętrznej stronie zauszników ; logo producenta, numer modelu, kategoria filtra oraz oznaczenie CE. O POLARYZACJI: Soczewki polaryzacyjne neutralizują oślepiające refleksy, powstające wówczas gdy światło odbija się od mokrej drogi, powierzchni wody lub śniegu. Eliminacja światła odbitego zwiększ kontrast widzenia i pozwala na bardziej komfortowe widzenie. Dlatego okulary z filtrem polaryzacyjnym to idealne rozwiązanie do wszelkiego rodzaju aktywności na świeżym powietrzu, pozwalające pełniej korzystać z życia. ZALETY: Eliminują oślepiające odblaski, zmniejszając zmęczenie oczu Chronią przed szkodliwym promieniowaniem UV Zwiększają kontras"
337427,G 55051 CZ,Solano,Coast,G 55051 CZ - C1,,179,125.3,179.0,499,Przeciwsłoneczne,Damskie,Aviator,Metal,tak,Czarny,Szary,instock,4,GOYA okulary przeciwsłoneczne z filtrem polaryzacyjnym - G 55051 CZ,goya-okulary-przeciwsloneczne-z-filtrem-polaryzacyjnym-g-55051-cz,https://goya-eight.vercel.app/okulary/goya-okulary-przeciwsloneczne-z-filtrem-polaryzacyjnym-g-55051-cz,https://okulary.pl/wp-content/uploads/2025/02/G_55051_CZ_A.jpg,"OKULARY PRZECIWSŁONECZNE DLA KIEROWCÓW GOYA Z FILTREM POLARYZACYJNYM I UV400 Oprawki wykonane w całości z aluminium - co sprawia, że okulary są bardzo lekkie i wytrzymałe. Soczewki okularów GOYA o grubości 1,1 wyposażone są w filtr polaryzacyjny oraz filtr ochronny UV-400 (UV-A, UV-B, UV-C) ZAUSZNIKI POŁĄCZONE Z OPRAWKĄ SYSTEMEM FLEX: FLEX - elastyczne połączenie zausznika z frontem oprawy. Zwiększony zakres odchylenia zausznika do ponad 110° gwarantuje wygodę noszenia i ułatwia zakładanie oraz zdejmowanie okularów. OKULARY POSIADAJĄ CERTYFIKAT CE. Produkt odpowiada Wytycznej Europejskiej 89/686/EWG zgodnie z normą PN-EN ISO 12312-1:2014-02/A1:2016-01. Każda para okularów posiada oryginalne oznaczenia znajdujące się na wewnętrznej stronie zauszników ; logo producenta, numer modelu, kategoria filtra oraz oznaczenie CE. O POLARYZACJI: Soczewki polaryzacyjne neutralizują oślepiające refleksy, powstające wówczas gdy światło odbija się od mokrej drogi, powierzchni wody lub śniegu. Eliminacja światła odbitego zwiększ kontrast widzenia i pozwala"
244247,MA 3021 C2,Sosiego,Coast,Goya MA 3021 C2,,119,83.3,119.0,399,Korekcyjne,Damskie,Kocie,Tworzywo,nie,"Czarny, Czerwony, Złoty",,instock,0,GOYA okulary korekcyjne - MA 3021 C2,goya-okulary-korekcyjne-ma-3021-c2-2,https://goya-eight.vercel.app/okulary/goya-okulary-korekcyjne-ma-3021-c2-2,https://okulary.pl/wp-content/uploads/2022/11/575_6.jpg,"OKULARY KOREKCYJNE GOYA MA 3021 C2 Produkt nowy ! - posiadają oryginalne zabezpieczenia, metkę oraz instrukcję użytkowania, dodatkowo w zestawie twarde etui na zawias sprężynowy Marki GOYA oraz miękką ściereczkę czyszczącą. NASZE PRODUKTY SĄ BARDZO DOBRZE ZABEZPIECZONE W FOLIĘ TRANSPORTOWĄ I ZAPAKOWANE W WYTRZYMAŁY KARTONIK"
244414,G 96301,Sóller,Coast,,Goya G 96301 C1; Goya G 96301 C2,189,132.3,,499,Korekcyjne,Unisex,Kocie,Metal,nie,"Brązowy, Niebieski, Srebrny, Złoty",,instock,2,GOYA okulary korekcyjne - G 96301,goya-okulary-korekcyjne-g-96301-c1,https://goya-eight.vercel.app/okulary/goya-okulary-korekcyjne-g-96301-c1,https://okulary.pl/wp-content/uploads/2022/11/687_4.jpg,"OKULARY KOREKCYJNE GOYA G 96301 Produkt nowy - posiadają oryginalne zabezpieczenia, metkę oraz instrukcję użytkowania, dodatkowo w zestawie twarde etui na zawias sprężynowy Marki GOYA oraz miękką ściereczkę czyszczącą. NASZE PRODUKTY WYSYŁAMY BARDZO DOBRZE ZABEZPIECZONE W FOLIĘ TRANSPORTOWĄ I ZAPAKOWANE W WYTRZYMAŁY KARTONIK"
253158,G 157 BR,Tajo,Weekend,GOYA G 157 BR,,149,104.3,149.0,449,Przeciwsłoneczne,Męskie,Pozostałe,Tworzywo,tak,Brązowy,Brązowy,instock,5,GOYA okulary przeciwsłoneczne z filtrem polaryzacyjnym - G 157 BR,goya-okulary-przeciwsloneczne-z-filtrem-polaryzacyjnym-g-157-br,https://goya-eight.vercel.app/okulary/goya-okulary-przeciwsloneczne-z-filtrem-polaryzacyjnym-g-157-br,https://okulary.pl/wp-content/uploads/2023/01/3180_1.jpg,"OKULARY PRZECIWSŁONECZNE DLA KIEROWCÓW GOYA Z FILTREM POLARYZACYJNYM I UV400 Oprawka wykonana z monelu, zauszniki aluminiowe. Soczewki okularów GOYA o grubości 1,1 wyposażone są w filtr polaryzacyjny oraz filtr ochronny UV-400 (UV-A, UV-B, UV-C) ZAUSZNIKI POŁĄCZONE Z OPRAWKĄ SYSTEMEM FLEX: FLEX - elastyczne połączenie zausznika z frontem oprawy. Zwiększony zakres odchylenia zausznika do ponad 110° gwarantuje wygodę noszenia i ułatwia zakładanie oraz zdejmowanie okularów. OKULARY POSIADAJĄ CERTYFIKAT CE. Produkt odpowiada Wytycznej Europejskiej 89/686/EWG zgodnie z normą PN-EN ISO 12312-1:2014-02/A1:2016-01. Każda para okularów posiada oryginalne oznaczenia znajdujące się na wewnętrznej stronie zauszników ; logo producenta, numer modelu, kategoria filtra oraz oznaczenie CE. O POLARYZACJI: Soczewki polaryzacyjne neutralizują oślepiające refleksy, powstające wówczas gdy światło odbija się od mokrej drogi, powierzchni wody lub śniegu. Eliminacja światła odbitego zwiększ kontrast widzenia i pozwala na bardziej komfortowe widzenie. Dlatego okulary"
243863,G 942115,Tarifa,Weekend,,Goya G 942115 C1; Goya G 942115 C2; Goya G 942115 C4,159,111.3,,449,Korekcyjne,Unisex,Okrągłe,Metal,nie,"Srebrny, Szary, Złoty",,instock,3,GOYA okulary korekcyjne - G 942115,goya-okulary-korekcyjne-g-942115-c1,https://goya-eight.vercel.app/okulary/goya-okulary-korekcyjne-g-942115-c1,https://okulary.pl/wp-content/uploads/2022/11/580_4.jpg,"OKULARY KOREKCYJNE GOYA G 942115 Produkt nowy - posiadają oryginalne zabezpieczenia, metkę oraz instrukcję użytkowania, dodatkowo w zestawie twarde etui na zawias sprężynowy Marki GOYA oraz miękką ściereczkę czyszczącą. NASZE PRODUKTY WYSYŁAMY BARDZO DOBRZE ZABEZPIECZONE W FOLIĘ TRANSPORTOWĄ I ZAPAKOWANE W WYTRZYMAŁY KARTONIK"
245789,G 176,Timonel,Drive,,GOYA G 176 S; GOYA G 176 GR,129,90.3,,399,Przeciwsłoneczne,Męskie,Sportowe,Plastik,tak,"Czarny, Srebrny",Czarny,instock,13,GOYA okulary przeciwsłoneczne z filtrem polaryzacyjnym - G 176,goya-g-176-s-okulary-przeciwsloneczne-z-filtrem-polaryzacyjnym,https://goya-eight.vercel.app/okulary/goya-g-176-s-okulary-przeciwsloneczne-z-filtrem-polaryzacyjnym,https://okulary.pl/wp-content/uploads/2022/11/3156_6.jpg,"OKULARY PRZECIWSŁONECZNE DLA KIEROWCÓW GOYA Z FILTREM POLARYZACYJNYM I UV400 Soczewki okularów GOYA o grubości 1,1 wyposażone są w filtr polaryzacyjny oraz filtr ochronny UV-400 (UV-A, UV-B, UV-C) OPRAWKA WYKONANA W TECHNOLOGII TR-90 Wysokiej jakości odmiana nylonu, wyjątkowo odporna na rozciąganie i wyginanie. Materiał wytrzymały na uderzenia, elastyczny, przyjemny w dotyku, o właściwościach antyalergicznych. Okulary wykonane z TR-90 są lekkie, wytrzymałe i wygodne w użytkowaniu. OKULARY POSIADAJĄ CERTYFIKAT CE. Produkt odpowiada Wytycznej Europejskiej 89/686/EWG zgodnie z normą PN-EN ISO 12312-1:2014-02/A1:2016-01. Każda para okularów posiada oryginalne oznaczenia znajdujące się na wewnętrznej stronie zauszników ; logo producenta, numer modelu, kategoria filtra oraz oznaczenie CE. O POLARYZACJI: Soczewki polaryzacyjne neutralizują oślepiające refleksy, powstające wówczas gdy światło odbija się od mokrej drogi, powierzchni wody lub śniegu. Eliminacja światła odbitego zwiększ kontrast widzenia i pozwala na bardziej komfortowe widzenie. Dlatego o"
244260,SD 1368 C8,Timón,City,Goya SD 1368 C8,,129,90.3,129.0,399,Korekcyjne,Męskie,Prostokątne,Metal,nie,Granatowy,,instock,1,GOYA okulary korekcyjne - SD 1368 C8,goya-okulary-korekcyjne-sd-1368-c8,https://goya-eight.vercel.app/okulary/goya-okulary-korekcyjne-sd-1368-c8,https://okulary.pl/wp-content/uploads/2022/11/659_4.jpg,"OKULARY KOREKCYJNE GOYA SD 1368 C8 Produkt nowy - posiadają oryginalne zabezpieczenia, metkę oraz instrukcję użytkowania, dodatkowo w zestawie twarde etui na zawias sprężynowy Marki GOYA oraz miękką ściereczkę czyszczącą. NASZE PRODUKTY WYSYŁAMY BARDZO DOBRZE ZABEZPIECZONE W FOLIĘ TRANSPORTOWĄ I ZAPAKOWANE W WYTRZYMAŁY KARTONIK"
243904,okulary korekcyjne G 2635 C3,Tomillo,Coast,Goya G 2635 C3,,109,76.3,109.0,349,Korekcyjne,Damskie,Kocie,Tworzywo,nie,"Granatowy, Niebieski",,instock,0,GOYA okulary korekcyjne G 2635 C3,goya-okulary-korekcyjne-g-2635-c3,https://goya-eight.vercel.app/okulary/goya-okulary-korekcyjne-g-2635-c3,https://okulary.pl/wp-content/uploads/2022/11/575_6.jpg,"OKULARY KOREKCYJNE GOYA G 2635 C3 Produkt nowy ! - posiadają oryginalne zabezpieczenia, metkę oraz instrukcję użytkowania, dodatkowo w zestawie twarde etui na zawias sprężynowy Marki GOYA oraz miękką ściereczkę czyszczącą. NASZE PRODUKTY SĄ BARDZO DOBRZE ZABEZPIECZONE W FOLIĘ TRANSPORTOWĄ I ZAPAKOWANE W WYTRZYMAŁY KARTONIK"
244692,G1905 C1,Tossa,Coast,GOYA G1905 C1,,109,76.3,109.0,349,Przeciwsłoneczne,Unisex,Aviator,Metal,tak,Złoty,Zielony,instock,5,GOYA okulary przeciwsłoneczne z filtrem polaryzacyjnym - G1905 C1,goya-g1905-c1-okulary-przeciwsloneczne-z-filtrem-polaryzacyjnym,https://goya-eight.vercel.app/okulary/goya-g1905-c1-okulary-przeciwsloneczne-z-filtrem-polaryzacyjnym,https://okulary.pl/wp-content/uploads/2022/11/977_6.jpg,"OKULARY PRZECIWSŁONECZNE DLA KIEROWCÓW GOYA Z FILTREM POLARYZACYJNYM I UV400 Soczewki okularów GOYA o grubości 1,1 wyposażone są w filtr polaryzacyjny oraz filtr ochronny UV-400 (UV-A, UV-B, UV-C) OPRAWKA WYKONANA W TECHNOLOGII TR-90 Wysokiej jakości odmiana nylonu, wyjątkowo odporna na rozciąganie i wyginanie. Materiał wytrzymały na uderzenia, elastyczny, przyjemny w dotyku, o właściwościach antyalergicznych. Okulary wykonane z TR-90 są lekkie, wytrzymałe i wygodne w użytkowaniu. ZAUSZNIKI POŁĄCZONE Z OPRAWKĄ SYSTEMEM FLEX: FLEX - elastyczne połączenie zausznika z frontem oprawy. Zwiększony zakres odchylenia zausznika do ponad 110° gwarantuje wygodę noszenia i ułatwia zakładanie oraz zdejmowanie okularów. OKULARY POSIADAJĄ CERTYFIKAT CE. Produkt odpowiada Wytycznej Europejskiej 89/686/EWG zgodnie z normą PN-EN ISO 12312-1:2014-02/A1:2016-01. Każda para okularów posiada oryginalne oznaczenia znajdujące się na wewnętrznej stronie zauszników ; logo producenta, numer modelu, kategoria filtra oraz oznaczenie CE. O POLARYZACJI: Soczewki pol"
253506,G 210,Tramontana,Coast,,Goya G 210 CZ; Goya G 210 BR,109,76.3,,349,Przeciwsłoneczne,Damskie,Muchy,Tworzywo,tak,"Biały, Brązowy, Czarny, Srebrny","Brązowy, Czarny",instock,3,GOYA okulary przeciwsłoneczne z filtrem polaryzacyjnym - G 210,goya-okulary-przeciwsloneczne-z-filtrem-polaryzacyjnym-g-210,https://goya-eight.vercel.app/okulary/goya-okulary-przeciwsloneczne-z-filtrem-polaryzacyjnym-g-210,https://okulary.pl/wp-content/uploads/2023/01/1877_2.jpg,"OKULARY PRZECIWSŁONECZNE DLA KIEROWCÓW GOYA Z FILTREM POLARYZACYJNYM I UV400 Soczewki okularów GOYA o grubości 1,1 wyposażone są w filtr polaryzacyjny oraz filtr ochronny UV-400 (UV-A, UV-B, UV-C) OKULARY POSIADAJĄ CERTYFIKAT CE. Produkt odpowiada Wytycznej Europejskiej 89/686/EWG zgodnie z normą PN-EN ISO 12312-1:2014-02/A1:2016-01. Każda para okularów posiada oryginalne oznaczenia znajdujące się na wewnętrznej stronie zauszników ; logo producenta, numer modelu, kategoria filtra oraz oznaczenie CE. O POLARYZACJI: Soczewki polaryzacyjne neutralizują oślepiające refleksy, powstające wówczas gdy światło odbija się od mokrej drogi, powierzchni wody lub śniegu. Eliminacja światła odbitego zwiększ kontrast widzenia i pozwala na bardziej komfortowe widzenie. Dlatego okulary z filtrem polaryzacyjnym to idealne rozwiązanie do wszelkiego rodzaju aktywności na świeżym powietrzu, pozwalające pełniej korzystać z życia. ZALETY: Eliminują oślepiające odblaski, zmniejszając zmęczenie oczu Chronią przed szkodliwym promieniowaniem UV Zwiększ"
244019,DC 8039,Trayecto,City,,Goya DC 8039 C1; Goya DC 8039 C4,129,90.3,,399,Korekcyjne,Męskie,Prostokątne,Tworzywo,nie,"Brązowy, Czarny, Szary",,instock,2,GOYA okulary korekcyjne - DC 8039,goya-okulary-korekcyjne-dc-8039-c1,https://goya-eight.vercel.app/okulary/goya-okulary-korekcyjne-dc-8039-c1,https://okulary.pl/wp-content/uploads/2022/11/631_4.jpg,"OKULARY KOREKCYJNE GOYA DC 8039 Produkt nowy - posiadają oryginalne zabezpieczenia, metkę oraz instrukcję użytkowania, dodatkowo w zestawie twarde etui na zawias sprężynowy Marki GOYA oraz miękką ściereczkę czyszczącą. NASZE PRODUKTY WYSYŁAMY BARDZO DOBRZE ZABEZPIECZONE W FOLIĘ TRANSPORTOWĄ I ZAPAKOWANE W WYTRZYMAŁY KARTONIK"
245531,G 195,Trigo,Coast,,Goya G 195 ZX; GOYA G 195 CZ; Goya G 195 BR,149,104.3,,449,Przeciwsłoneczne,Damskie,Muchy,Tworzywo,tak,"Brązowy, Czarny, Szylkret","Brązowy, Czarny",instock,38,GOYA okulary przeciwsłoneczne z filtrem polaryzacyjnym - G 195,goya-g-195-cz-okulary-przeciwsloneczne-z-filtrem-polaryzacyjnym,https://goya-eight.vercel.app/okulary/goya-g-195-cz-okulary-przeciwsloneczne-z-filtrem-polaryzacyjnym,https://okulary.pl/wp-content/uploads/2022/11/3127_1.jpg,"OKULARY PRZECIWSŁONECZNE DLA KIEROWCÓW GOYA Z FILTREM POLARYZACYJNYM I UV400 Soczewki okularów GOYA o grubości 1,1 wyposażone są w filtr polaryzacyjny oraz filtr ochronny UV-400 (UV-A, UV-B, UV-C) OKULARY POSIADAJĄ CERTYFIKAT CE. Produkt odpowiada Wytycznej Europejskiej 89/686/EWG zgodnie z normą PN-EN ISO 12312-1:2014-02/A1:2016-01. Każda para okularów posiada oryginalne oznaczenia znajdujące się na wewnętrznej stronie zauszników ; logo producenta, numer modelu, kategoria filtra oraz oznaczenie CE. O POLARYZACJI: Soczewki polaryzacyjne neutralizują oślepiające refleksy, powstające wówczas gdy światło odbija się od mokrej drogi, powierzchni wody lub śniegu. Eliminacja światła odbitego zwiększ kontrast widzenia i pozwala na bardziej komfortowe widzenie. Dlatego okulary z filtrem polaryzacyjnym to idealne rozwiązanie do wszelkiego rodzaju aktywności na świeżym powietrzu, pozwalające pełniej korzystać z życia. ZALETY: Eliminują oślepiające odblaski, zmniejszając zmęczenie oczu Chronią przed szkodliwym promieniowaniem UV Zwiększ"
253175,G 162,Tulum,City,,,,,,399,Przeciwsłoneczne,Unisex,Owalne,Tworzywo,tak,"Brązowy, Transparentny","Brązowy, Czarny",outofstock,10,GOYA okulary przeciwsłoneczne z filtrem polaryzacyjnym - G 162,goya-okulary-przeciwsloneczne-z-filtrem-polaryzacyjnym-g-162-2,https://goya-eight.vercel.app/okulary/goya-okulary-przeciwsloneczne-z-filtrem-polaryzacyjnym-g-162-2,https://okulary.pl/wp-content/uploads/2022/11/3171_1.jpg,"OKULARY PRZECIWSŁONECZNE DLA KIEROWCÓW GOYA Z FILTREM POLARYZACYJNYM I UV400 Oprawka wykonana w technologii - wycinania z płyty. Ręcznie obrabiana. Soczewki okularów GOYA o grubości 1,1 wyposażone są w filtr polaryzacyjny oraz filtr ochronny UV-400 (UV-A, UV-B, UV-C) OKULARY POSIADAJĄ CERTYFIKAT CE. Produkt odpowiada Wytycznej Europejskiej 89/686/EWG zgodnie z normą PN-EN ISO 12312-1:2014-02/A1:2016-01. Każda para okularów posiada oryginalne oznaczenia znajdujące się na wewnętrznej stronie zauszników ; logo producenta, numer modelu, kategoria filtra oraz oznaczenie CE. O POLARYZACJI: Soczewki polaryzacyjne neutralizują oślepiające refleksy, powstające wówczas gdy światło odbija się od mokrej drogi, powierzchni wody lub śniegu. Eliminacja światła odbitego zwiększ kontrast widzenia i pozwala na bardziej komfortowe widzenie. Dlatego okulary z filtrem polaryzacyjnym to idealne rozwiązanie do wszelkiego rodzaju aktywności na świeżym powietrzu, pozwalające pełniej korzystać z życia. ZALETY: Eliminują oślepiające odblaski, zmniejszaj"
244275,G 93212 C1,Turquesa,City,Goya G 93212 C1,,159,111.3,159.0,449,Korekcyjne,Damskie,Kwadratowe,Tworzywo,nie,"Czarny, Szary",,instock,0,GOYA okulary korekcyjne - G 93212 C1,goya-okulary-korekcyjne-g-93212-c1,https://goya-eight.vercel.app/okulary/goya-okulary-korekcyjne-g-93212-c1,https://okulary.pl/wp-content/uploads/2022/11/662_4.jpg,"OKULARY KOREKCYJNE GOYA G 93212 C1 Produkt nowy - posiadają oryginalne zabezpieczenia, metkę oraz instrukcję użytkowania, dodatkowo w zestawie twarde etui na zawias sprężynowy Marki GOYA oraz miękką ściereczkę czyszczącą. NASZE PRODUKTY WYSYŁAMY BARDZO DOBRZE ZABEZPIECZONE W FOLIĘ TRANSPORTOWĄ I ZAPAKOWANE W WYTRZYMAŁY KARTONIK"
334708,G 55012 CZ,Vela,City,G 55012 CZ - C1,,179,125.3,179.0,499,Przeciwsłoneczne,Męskie,Nerdy,Metal,tak,Czarny,Szary,outofstock,11,GOYA okulary przeciwsłoneczne z filtrem polaryzacyjnym - G 55012 CZ,goya-okulary-przeciwsloneczne-z-filtrem-polaryzacyjnym-g-55012-cz,https://goya-eight.vercel.app/okulary/goya-okulary-przeciwsloneczne-z-filtrem-polaryzacyjnym-g-55012-cz,https://okulary.pl/wp-content/uploads/2025/01/G_55012_CZ_A.jpg,"OKULARY PRZECIWSŁONECZNE DLA KIEROWCÓW GOYA Z FILTREM POLARYZACYJNYM I UV400 Zausznik wykonane w całości z aluminium - co sprawia, że okulary są bardzo lekkie i wytrzymałe. Soczewki okularów GOYA o grubości 1,1 wyposażone są w filtr polaryzacyjny oraz filtr ochronny UV-400 (UV-A, UV-B, UV-C) ZAUSZNIKI POŁĄCZONE Z OPRAWKĄ SYSTEMEM FLEX: FLEX - elastyczne połączenie zausznika z frontem oprawy. Zwiększony zakres odchylenia zausznika do ponad 110° gwarantuje wygodę noszenia i ułatwia zakładanie oraz zdejmowanie okularów. OKULARY POSIADAJĄ CERTYFIKAT CE. Produkt odpowiada Wytycznej Europejskiej 89/686/EWG zgodnie z normą PN-EN ISO 12312-1:2014-02/A1:2016-01. Każda para okularów posiada oryginalne oznaczenia znajdujące się na wewnętrznej stronie zauszników ; logo producenta, numer modelu, kategoria filtra oraz oznaczenie CE. O POLARYZACJI: Soczewki polaryzacyjne neutralizują oślepiające refleksy, powstające wówczas gdy światło odbija się od mokrej drogi, powierzchni wody lub śniegu. Eliminacja światła odbitego zwiększ kontrast widzenia i pozwala"
237598,G 218,Veloz,Drive,,GOYA G 218 C; GOYA G 218 A,119,83.3,,399,Przeciwsłoneczne,Męskie,Sportowe,Metal,tak,"Czarny, Srebrny",Czarny,instock,9,GOYA okulary przeciwsłoneczne z filtrem polaryzacyjnym  - G 218,srebrne-okulary-przeciwsloneczne-polaryzacyjne-dla-kierowcow-goya-g-218-c,https://goya-eight.vercel.app/okulary/srebrne-okulary-przeciwsloneczne-polaryzacyjne-dla-kierowcow-goya-g-218-c,https://okulary.pl/wp-content/uploads/2022/03/prof-230.jpeg,"OKULARY PRZECIWSŁONECZNE DLA KIEROWCÓW GOYA Z FILTREM POLARYZACYJNYM I UV400 Okulary wykonane z aluminium są bardzo lekkie, wytrzymałe i wygodne w użytkowaniu. Oprawka wykonana ze stali szlachetnej - kwasoodpornej. Soczewki okularów GOYA o grubości 1,1 wyposażone są w filtr polaryzacyjny oraz filtr ochronny UV-400 (UV-A, UV-B, UV-C) ZAUSZNIKI POŁĄCZONE Z OPRAWKĄ SYSTEMEM FLEX: FLEX - elastyczne połączenie zausznika z frontem oprawy. Zwiększony zakres odchylenia zausznika do ponad 110° gwarantuje wygodę noszenia i ułatwia zakładanie oraz zdejmowanie okularów. OKULARY POSIADAJĄ CERTYFIKAT CE. Produkt odpowiada Wytycznej Europejskiej 89/686/EWG zgodnie z normą PN-EN ISO 12312-1:2014-02/A1:2016-01. Każda para okularów posiada oryginalne oznaczenia znajdujące się na wewnętrznej stronie zauszników ; logo producenta, numer modelu, kategoria filtra oraz oznaczenie CE. O POLARYZACJI: Soczewki polaryzacyjne neutralizują oślepiające refleksy, powstające wówczas gdy światło odbija się od mokrej drogi, powierzchni wody lub śniegu. Eliminacja światła o"
256018,CP 8803,Verano,Coast,,GOYA CP 8803 CZ; GOYA CP 8803 N,179,125.3,,499,Przeciwsłoneczne,Unisex,Aviator,Metal,tak,"Srebrny, Złoty","Czarny, Niebieski",instock,3,GOYA okulary przeciwsłoneczne z filtrem polaryzacyjnym - GOYA CP 8803,goya-okulary-przeciwsloneczne-z-filtrem-polaryzacyjnym-goya-cp-8803,https://goya-eight.vercel.app/okulary/goya-okulary-przeciwsloneczne-z-filtrem-polaryzacyjnym-goya-cp-8803,https://okulary.pl/wp-content/uploads/2023/04/GOYA-CP8803-CZ-A.jpg,"OKULARY PRZECIWSŁONECZNE DLA KIEROWCÓW GOYA Z FILTREM POLARYZACYJNYM I UV400 Soczewki okularów GOYA o grubości 1,1 wyposażone są w filtr polaryzacyjny oraz filtr ochronny UV-400 (UV-A, UV-B, UV-C) SOCZEWKA ANTYREFLEKS: Warstwa antyrefleksu znacznie zwiększa wartość użytkową okularów, gdyż przepuszcza przez powierzchnię soczewki okularowej więcej światła niż odbija. Dzięki tej powłoce w znacznym stopniu zredukowane zostają wszelkie odblaski. Antyrefleks poprawia również odwzorowanie barw i poprawia kontrast widzenia. Dodatkowym plusem powłoki antyrefleksyjnej jest ochrona soczewki przez zarysowaniami. OKULARY POSIADAJĄ CERTYFIKAT CE. Produkt odpowiada Wytycznej Europejskiej 89/686/EWG zgodnie z normą PN-EN ISO 12312-1:2014-02/A1:2016-01. Każda para okularów posiada oryginalne oznaczenia znajdujące się na wewnętrznej stronie zauszników ; logo producenta, numer modelu, kategoria filtra oraz oznaczenie CE. O POLARYZACJI: Soczewki polaryzacyjne neutralizują oślepiające refleksy, powstające wówczas gdy światło odbija się od mokrej drogi, powierzchni wod"
256172,A 0736,Verbena,Weekend,,GOYA A 0736 BR; GOYA A 0736 CZ,179,125.3,,499,Przeciwsłoneczne,Unisex,Okrągłe,Metal,tak,"Różowe złoto, Złoty","Brązowy, Czarny",instock,47,GOYA okulary przeciwsłoneczne z filtrem polaryzacyjnym - GOYA A 0736,goya-okulary-przeciwsloneczne-z-filtrem-polaryzacyjnym-goya-a-0736,https://goya-eight.vercel.app/okulary/goya-okulary-przeciwsloneczne-z-filtrem-polaryzacyjnym-goya-a-0736,https://okulary.pl/wp-content/uploads/2023/04/GOYA-A0736-CZ-A.jpg,"OKULARY PRZECIWSŁONECZNE GOYA Z FILTREM POLARYZACYJNYM I UV400 Soczewki okularów GOYA o grubości 1,1 wyposażone są w filtr polaryzacyjny oraz filtr ochronny UV-400 (UV-A, UV-B, UV-C) OKULARY POSIADAJĄ CERTYFIKAT CE. Produkt odpowiada Wytycznej Europejskiej 89/686/EWG zgodnie z normą PN-EN ISO 12312-1:2014-02/A1:2016-01. Każda para okularów posiada oryginalne oznaczenia znajdujące się na wewnętrznej stronie zauszników ; logo producenta, numer modelu, kategoria filtra oraz oznaczenie CE. O POLARYZACJI: Soczewki polaryzacyjne neutralizują oślepiające refleksy, powstające wówczas gdy światło odbija się od mokrej drogi, powierzchni wody lub śniegu. Eliminacja światła odbitego zwiększ kontrast widzenia i pozwala na bardziej komfortowe widzenie. Dlatego okulary z filtrem polaryzacyjnym to idealne rozwiązanie do wszelkiego rodzaju aktywności na świeżym powietrzu, pozwalające pełniej korzystać z życia. ZALETY: Eliminują oślepiające odblaski, zmniejszając zmęczenie oczu Chronią przed szkodliwym promieniowaniem UV Zwiększają kontras"
243869,G 2618 C2,Violeta,City,Goya G 2618 C2,,119,83.3,119.0,399,Korekcyjne,Damskie,Prostokątne,Tworzywo,nie,"Czarny, Pomarańczowy",,instock,1,GOYA okulary korekcyjne - G 2618 C2,goya-okulary-korekcyjne-g-2618-c2,https://goya-eight.vercel.app/okulary/goya-okulary-korekcyjne-g-2618-c2,https://okulary.pl/wp-content/uploads/2022/11/582_3.jpg,"OKULARY KOREKCYJNE GOYA G 2618 C2 Produkt nowy - posiadają oryginalne zabezpieczenia, metkę oraz instrukcję użytkowania, dodatkowo w zestawie twarde etui na zawias sprężynowy Marki GOYA oraz miękką ściereczkę czyszczącą. NASZE PRODUKTY WYSYŁAMY BARDZO DOBRZE ZABEZPIECZONE W FOLIĘ TRANSPORTOWĄ I ZAPAKOWANE W WYTRZYMAŁY KARTONIK"
238829,G 55007,Vuelo,Coast,,G 55007 CZ; G 55007 BR; G 55007 GR,119,83.3,,399,Przeciwsłoneczne,Męskie,Aviator,Metal,tak,"Brązowy, Czarny, Grafitowy","Brązowy, Czarny",instock,13,GOYA okulary przeciwsłoneczne z filtrem polaryzacyjnym - G 55007,okulary-przeciwsloneczne-polaryzacyjne-dla-kierowcow-goya-g-55007-br,https://goya-eight.vercel.app/okulary/okulary-przeciwsloneczne-polaryzacyjne-dla-kierowcow-goya-g-55007-br,https://okulary.pl/wp-content/uploads/2022/03/prof-380.jpeg,"OKULARY PRZECIWSŁONECZNE DLA KIEROWCÓW GOYA Z FILTREM POLARYZACYJNYM I UV400 Zauszniki oraz mostek wykonane z aluminium - co sprawia, że okulary są bardzo lekkie i wytrzymałe. Soczewki okularów GOYA o grubości 1,1 wyposażone są w filtr polaryzacyjny oraz filtr ochronny UV-400 (UV-A, UV-B, UV-C) ZAUSZNIKI POŁĄCZONE Z OPRAWKĄ SYSTEMEM FLEX: FLEX - elastyczne połączenie zausznika z frontem oprawy. Zwiększony zakres odchylenia zausznika do ponad 110° gwarantuje wygodę noszenia i ułatwia zakładanie oraz zdejmowanie okularów. OKULARY POSIADAJĄ CERTYFIKAT CE. Produkt odpowiada Wytycznej Europejskiej 89/686/EWG zgodnie z normą PN-EN ISO 12312-1:2014-02/A1:2016-01. Każda para okularów posiada oryginalne oznaczenia znajdujące się na wewnętrznej stronie zauszników ; logo producenta, numer modelu, kategoria filtra oraz oznaczenie CE. O POLARYZACJI: Soczewki polaryzacyjne neutralizują oślepiające refleksy, powstające wówczas gdy światło odbija się od mokrej drogi, powierzchni wody lub śniegu. Eliminacja światła odbitego zwiększ kontrast widzenia i pozwala"
245591,G 188 GR,Zahara,Coast,GOYA G 188 GR,,149,104.3,149.0,449,Przeciwsłoneczne,Unisex,Aviator,Metal,tak,Grafitowy,Czarny,instock,6,GOYA okulary przeciwsłoneczne z filtrem polaryzacyjnym - G 188 GR,goya-g-188-gr-okulary-przeciwsloneczne-z-filtrem-polaryzacyjnym,https://goya-eight.vercel.app/okulary/goya-g-188-gr-okulary-przeciwsloneczne-z-filtrem-polaryzacyjnym,https://okulary.pl/wp-content/uploads/2022/11/3133_1.jpg,"OKULARY PRZECIWSŁONECZNE DLA KIEROWCÓW GOYA Z FILTREM POLARYZACYJNYM I UV400 Antyrefleks Soczewki okularów GOYA o grubości 1,1 wyposażone są w filtr polaryzacyjny oraz filtr ochronny UV-400 (UV-A, UV-B, UV-C) ZAUSZNIKI POŁĄCZONE Z OPRAWKĄ SYSTEMEM FLEX: FLEX - elastyczne połączenie zausznika z frontem oprawy. Zwiększony zakres odchylenia zausznika do ponad 110° gwarantuje wygodę noszenia i ułatwia zakładanie oraz zdejmowanie okularów. OKULARY POSIADAJĄ CERTYFIKAT CE. Produkt odpowiada Wytycznej Europejskiej 89/686/EWG zgodnie z normą PN-EN ISO 12312-1:2014-02/A1:2016-01. Każda para okularów posiada oryginalne oznaczenia znajdujące się na wewnętrznej stronie zauszników ; logo producenta, numer modelu, kategoria filtra oraz oznaczenie CE. O POLARYZACJI: Soczewki polaryzacyjne neutralizują oślepiające refleksy, powstające wówczas gdy światło odbija się od mokrej drogi, powierzchni wody lub śniegu. Eliminacja światła odbitego zwiększ kontrast widzenia i pozwala na bardziej komfortowe widzenie. Dlatego okulary z filtrem polaryzacyjnym to idealne"
253100,G 150 GR C,Ámbar,City,Goya G 150 GR C,,149,104.3,149.0,449,Przeciwsłoneczne,Damskie,Owalne,Tworzywo,tak,Czarny,Czarny,instock,1,GOYA okulary przeciwsłoneczne z filtrem polaryzacyjnym - G 150 GR C,goya-okulary-przeciwsloneczne-z-filtrem-polaryzacyjnym-g-150-gr-c,https://goya-eight.vercel.app/okulary/goya-okulary-przeciwsloneczne-z-filtrem-polaryzacyjnym-g-150-gr-c,https://okulary.pl/wp-content/uploads/2023/01/3187_1.jpg,"OKULARY PRZECIWSŁONECZNE DLA KIEROWCÓW GOYA Z FILTREM POLARYZACYJNYM I UV400 Oprawka wykonana w technologii - wycinania z płyty. Ręcznie obrabiana. Soczewki okularów GOYA o grubości 1,1 wyposażone są w filtr polaryzacyjny oraz filtr ochronny UV-400 (UV-A, UV-B, UV-C) OKULARY POSIADAJĄ CERTYFIKAT CE. Produkt odpowiada Wytycznej Europejskiej 89/686/EWG zgodnie z normą PN-EN ISO 12312-1:2014-02/A1:2016-01. Każda para okularów posiada oryginalne oznaczenia znajdujące się na wewnętrznej stronie zauszników ; logo producenta, numer modelu, kategoria filtra oraz oznaczenie CE. O POLARYZACJI: Soczewki polaryzacyjne neutralizują oślepiające refleksy, powstające wówczas gdy światło odbija się od mokrej drogi, powierzchni wody lub śniegu. Eliminacja światła odbitego zwiększ kontrast widzenia i pozwala na bardziej komfortowe widzenie. Dlatego okulary z filtrem polaryzacyjnym to idealne rozwiązanie do wszelkiego rodzaju aktywności na świeżym powietrzu, pozwalające pełniej korzystać z życia. ZALETY: Eliminują oślepiające odblaski, zmniejszaj"
245316,G CP3718,Ébano,City,,G CP3718 R; G CP3718 BR; G CP3718 CZ,,,,399,Przeciwsłoneczne,Damskie,Prostokątne,Metal,tak,Złoty,"Brązowy, Czarny, Różowy",outofstock,18,GOYA okulary przeciwsłoneczne z filtrem polaryzacyjnym - G CP3718,goya-g-cp3718-r-okulary-przeciwsloneczne-polaryzacyjne,https://goya-eight.vercel.app/okulary/goya-g-cp3718-r-okulary-przeciwsloneczne-polaryzacyjne,https://okulary.pl/wp-content/uploads/2022/11/2604_1.jpg,"OKULARY PRZECIWSŁONECZNE MARKI GOYA Z FILTREM POLARYZACYJNYM I UV400 Soczewki okularów GOYA o grubości 1,1 wyposażone są w filtr polaryzacyjny oraz filtr ochronny UV-400 (UV-A, UV-B, UV-C) OKULARY POSIADAJĄ CERTYFIKAT CE. Produkt odpowiada Wytycznej Europejskiej 89/686/EWG zgodnie z normą PN-EN ISO 12312-1:2014-02/A1:2016-01. Każda para okularów posiada oryginalne oznaczenia znajdujące się na wewnętrznej stronie zauszników ; logo producenta, numer modelu, kategoria filtra oraz oznaczenie CE. O POLARYZACJI: Soczewki polaryzacyjne neutralizują oślepiające refleksy, powstające wówczas gdy światło odbija się od mokrej drogi, powierzchni wody lub śniegu. Eliminacja światła odbitego zwiększ kontrast widzenia i pozwala na bardziej komfortowe widzenie. Dlatego okulary z filtrem polaryzacyjnym to idealne rozwiązanie do wszelkiego rodzaju aktywności na świeżym powietrzu, pozwalające pełniej korzystać z życia. ZALETY: Eliminują oślepiające odblaski, zmniejszając zmęczenie oczu Chronią przed szkodliwym promieniowaniem UV Zwiększają kontras"
244035,GK 7107,Ímpetu,City,,Goya GK 7107 C1; Goya GK 7107 C5,129,90.3,,399,Korekcyjne,Męskie,Prostokątne,Metal,nie,"Brązowy, Czarny, Granatowy",,instock,7,GOYA okulary korekcyjne - GK 7107,goya-okulary-korekcyjne-gk-7107-c1,https://goya-eight.vercel.app/okulary/goya-okulary-korekcyjne-gk-7107-c1,https://okulary.pl/wp-content/uploads/2022/11/635_4.jpg,"OKULARY KOREKCYJNE GOYA GK 7107 Produkt nowy - posiadają oryginalne zabezpieczenia, metkę oraz instrukcję użytkowania, dodatkowo w zestawie twarde etui na zawias sprężynowy Marki GOYA oraz miękką ściereczkę czyszczącą. NASZE PRODUKTY WYSYŁAMY BARDZO DOBRZE ZABEZPIECZONE W FOLIĘ TRANSPORTOWĄ I ZAPAKOWANE W WYTRZYMAŁY KARTONIK"
244270,G 93234 C2,Ópalo,Coast,Goya G 93234 C2,,159,111.3,159.0,449,Korekcyjne,Damskie,Kocie,Tworzywo,nie,Brązowy,,instock,0,GOYA okulary korekcyjne - G 93234 C2,goya-okulary-korekcyjne-g-93234-c2,https://goya-eight.vercel.app/okulary/goya-okulary-korekcyjne-g-93234-c2,https://okulary.pl/wp-content/uploads/2022/11/661_4.jpg,"OKULARY KOREKCYJNE GOYA G 93234 C2 Produkt nowy - posiadają oryginalne zabezpieczenia, metkę oraz instrukcję użytkowania, dodatkowo w zestawie twarde etui na zawias sprężynowy Marki GOYA oraz miękką ściereczkę czyszczącą. NASZE PRODUKTY WYSYŁAMY BARDZO DOBRZE ZABEZPIECZONE W FOLIĘ TRANSPORTOWĄ I ZAPAKOWANE W WYTRZYMAŁY KARTONIK"
